,Id,degree,group
0,1621112610.0,704,4.0
1,2704172442.0,679,4.0
2,404965713.0,667,4.0
3,93869532.0,561,4.0
4,1863593143.0,551,4.0
5,598808257.0,538,4.0
6,486977981.0,535,6.0
7,52479182.0,534,4.0
8,421404506.0,531,4.0
9,38425511.0,530,3.0
10,73776463.0,524,0.0
11,30650224.0,504,4.0
12,3043973260.0,501,3.0
13,224997660.0,500,4.0
14,755199384.0,496,4.0
15,101776647.0,494,0.0
16,515150294.0,484,0.0
17,47830854.0,482,4.0
18,21025630.0,467,4.0
19,158083365.0,464,4.0
20,74759973.0,457,3.0
21,160838330.0,447,4.0
22,708142578.0,444,4.0
23,1672323726.0,440,0.0
24,223481664.0,436,4.0
25,794594292.0,430,0.0
26,581373245.0,429,4.0
27,178778347.0,429,4.0
28,202256715.0,427,4.0
29,264335792.0,424,4.0
30,106253569.0,415,4.0
31,2945231130.0,414,4.0
32,7.74639346410369e+17,405,0.0
33,548657816.0,401,0.0
34,7.142251133993083e+17,396,4.0
35,1118012288.0,393,3.0
36,221393687.0,393,3.0
37,553087472.0,392,4.0
38,385095165.0,390,4.0
39,467060479.0,389,4.0
40,425196776.0,381,4.0
41,1332792588.0,379,0.0
42,2337139178.0,365,4.0
43,95052257.0,364,4.0
44,3081998068.0,355,4.0
45,4831465174.0,353,3.0
46,1072398817.0,349,4.0
47,332532382.0,348,4.0
48,462602118.0,348,4.0
49,419747701.0,347,0.0
50,610067519.0,346,3.0
51,295302727.0,341,4.0
52,1.006622748393771e+18,338,4.0
53,1.006622748393771e+18,338,4.0
54,190877396.0,337,4.0
55,4353261136.0,335,4.0
56,378581484.0,334,3.0
57,895369100.0,330,4.0
58,1360381742.0,329,3.0
59,1271013866.0,326,3.0
60,2379862393.0,325,4.0
61,43046446.0,323,4.0
62,1312104894.0,316,4.0
63,16981385.0,315,4.0
64,145330238.0,304,4.0
65,8.2803622445568e+17,301,4.0
66,8.2803622445568e+17,301,4.0
67,328288408.0,294,4.0
68,636409948.0,291,3.0
69,164353221.0,288,0.0
70,307218366.0,287,4.0
71,141416486.0,287,0.0
72,2353619409.0,285,3.0
73,1328914758.0,284,2.0
74,320509864.0,282,4.0
75,7.397334464156836e+17,282,3.0
76,7.397334464156836e+17,282,3.0
77,64870402.0,280,3.0
78,8.28306601626968e+17,275,3.0
79,299187823.0,275,4.0
80,28778614.0,274,4.0
81,8.908151646052762e+17,273,0.0
82,8.908151646052762e+17,273,0.0
83,4437757636.0,271,4.0
84,9.403445950696407e+17,269,0.0
85,322782551.0,259,0.0
86,369866282.0,255,4.0
87,1.0312600032635658e+18,254,0.0
88,61771891.0,252,3.0
89,343365816.0,252,0.0
90,26466364.0,251,4.0
91,72767883.0,248,3.0
92,8.063167671193764e+17,248,4.0
93,210897756.0,243,3.0
94,309462920.0,242,3.0
95,3059436562.0,242,4.0
96,24128531.0,241,0.0
97,4144513877.0,237,4.0
98,416424914.0,233,3.0
99,73933794.0,232,3.0
100,241700729.0,232,4.0
101,7.416211053503242e+17,230,3.0
102,40683029.0,228,0.0
103,1697075766.0,228,4.0
104,815608362.0,227,0.0
105,731897738.0,227,3.0
106,2364490940.0,226,4.0
107,353383284.0,224,2.0
108,174465050.0,221,3.0
109,9.303453487149097e+17,215,
110,2967835289.0,213,4.0
111,1.1870748570932265e+18,213,0.0
112,3311994782.0,211,3.0
113,1125927619.0,211,4.0
114,15800897.0,210,4.0
115,43253719.0,209,0.0
116,547916560.0,208,2.0
117,346906833.0,207,4.0
118,2436880951.0,207,2.0
119,1.0721690952762286e+18,204,4.0
120,351725373.0,202,4.0
121,364650440.0,198,4.0
122,104259954.0,192,0.0
123,1644031105.0,192,4.0
124,3292012480.0,190,0.0
125,367325997.0,188,4.0
126,2992528480.0,185,3.0
127,8.8602631030016e+17,183,0.0
128,133369464.0,181,0.0
129,4828259713.0,179,3.0
130,229380399.0,177,3.0
131,229927287.0,173,4.0
132,347035334.0,173,4.0
133,1.0595506907234058e+18,170,0.0
134,595164057.0,170,2.0
135,261981579.0,166,3.0
136,1.0755161358717788e+18,166,3.0
137,212309060.0,165,1.0
138,37510542.0,164,0.0
139,512165772.0,163,0.0
140,2487627808.0,163,4.0
141,503441835.0,159,4.0
142,24118916.0,157,4.0
143,1390425896.0,156,4.0
144,3644267356.0,156,4.0
145,445208095.0,155,4.0
146,192907472.0,154,3.0
147,1636782774.0,154,4.0
148,765355350.0,153,0.0
149,497448591.0,153,0.0
150,325143109.0,150,3.0
151,243006551.0,146,2.0
152,3403597293.0,145,4.0
153,144548707.0,144,4.0
154,3350101361.0,141,2.0
155,312809460.0,140,3.0
156,46839997.0,140,2.0
157,7.402612364751012e+17,138,
158,700227677.0,138,4.0
159,33603957.0,136,0.0
160,1080115375.0,135,3.0
161,18485722.0,133,2.0
162,2504819123.0,132,2.0
163,2246858662.0,131,3.0
164,479146881.0,127,2.0
165,188579535.0,127,4.0
166,17628471.0,126,4.0
167,325342425.0,125,3.0
168,286735476.0,125,6.0
169,7.385337258735698e+17,124,3.0
170,95797981.0,122,6.0
171,357298321.0,121,3.0
172,23222138.0,121,3.0
173,561102728.0,121,3.0
174,47176191.0,120,0.0
175,1209359622.0,120,0.0
176,233846112.0,119,4.0
177,3307327669.0,118,2.0
178,381517385.0,118,3.0
179,1393271905.0,116,4.0
180,2994002565.0,116,3.0
181,220207373.0,115,3.0
182,413877551.0,114,4.0
183,400444340.0,113,6.0
184,383975239.0,112,6.0
185,66798975.0,109,6.0
186,2165584138.0,108,4.0
187,298344609.0,106,6.0
188,347643058.0,106,6.0
189,606882424.0,105,3.0
190,355607196.0,104,6.0
191,301057332.0,104,6.0
192,528096559.0,104,6.0
193,389849875.0,103,4.0
194,40560852.0,103,3.0
195,255691210.0,103,1.0
196,2975793087.0,103,4.0
197,294053343.0,102,6.0
198,1.1272352594756116e+18,101,0.0
199,24067286.0,101,2.0
200,422113144.0,100,6.0
201,322326778.0,100,1.0
202,45928384.0,99,1.0
203,557972175.0,99,2.0
204,402768122.0,97,1.0
205,287438603.0,96,6.0
206,736951584.0,94,2.0
207,79181700.0,93,4.0
208,280682278.0,91,4.0
209,332596799.0,89,6.0
210,7.298267085017457e+17,89,2.0
211,543001306.0,89,6.0
212,273278340.0,88,6.0
213,613683872.0,88,5.0
214,2317543057.0,87,4.0
215,287971151.0,87,6.0
216,169633368.0,86,4.0
217,8.197382181197537e+17,84,0.0
218,31394806.0,84,4.0
219,278294945.0,84,6.0
220,234132202.0,84,0.0
221,33923443.0,83,5.0
222,818431566.0,83,2.0
223,2313079737.0,83,4.0
224,1312241972.0,82,4.0
225,413670853.0,82,4.0
226,1378212008.0,81,4.0
227,851855964.0,79,0.0
228,4235470360.0,78,5.0
229,482568133.0,78,4.0
230,987870608.0,78,6.0
231,1.1938418139766825e+18,77,4.0
232,1.1938418139766825e+18,77,4.0
233,9.986193928114217e+17,77,3.0
234,1135827500.0,77,6.0
235,3012139911.0,76,0.0
236,472432929.0,75,4.0
237,269133416.0,75,4.0
238,433809537.0,75,6.0
239,2155481869.0,75,2.0
240,38549596.0,75,4.0
241,3072104473.0,74,4.0
242,3148176621.0,74,1.0
243,10921712.0,73,4.0
244,1940901667.0,73,3.0
245,3355589357.0,73,4.0
246,2271141799.0,73,5.0
247,7.008221649837957e+17,72,4.0
248,353433420.0,72,6.0
249,1368212083.0,71,4.0
250,614018726.0,71,6.0
251,3016109843.0,69,1.0
252,2918088023.0,69,2.0
253,2301722687.0,68,5.0
254,566585429.0,67,6.0
255,552318366.0,67,4.0
256,31286144.0,66,4.0
257,3620071276.0,66,5.0
258,101110195.0,65,4.0
259,292033050.0,65,6.0
260,74448543.0,65,4.0
261,440461886.0,64,4.0
262,2814894386.0,63,4.0
263,227134952.0,63,0.0
264,76224496.0,63,4.0
265,381214995.0,62,3.0
266,382086103.0,62,4.0
267,303829497.0,62,6.0
268,2171605719.0,62,4.0
269,2205594601.0,62,3.0
270,9.438405715122504e+17,62,4.0
271,24755300.0,62,4.0
272,1.1938418139766825e+18,61,4.0
273,1.1938418139766825e+18,61,4.0
274,2360305028.0,61,1.0
275,456248396.0,61,4.0
276,863563212.0,61,4.0
277,3167900950.0,61,1.0
278,3315587549.0,61,0.0
279,45030565.0,61,4.0
280,236724075.0,61,5.0
281,795801176.0,60,4.0
282,8.750518147643679e+17,60,4.0
283,8.750518147643679e+17,60,4.0
284,72396617.0,59,5.0
285,40760351.0,59,4.0
286,377615830.0,59,4.0
287,2354944434.0,59,4.0
288,601021985.0,59,4.0
289,2321682584.0,58,4.0
290,8.2803622445568e+17,58,4.0
291,8.2803622445568e+17,58,4.0
292,4539847469.0,58,4.0
293,865604478.0,58,6.0
294,3069023590.0,58,4.0
295,1.0318793105782784e+18,58,4.0
296,1.0318793105782784e+18,58,4.0
297,587534566.0,57,4.0
298,2328853822.0,57,4.0
299,55454338.0,56,4.0
300,1009978129.0,55,6.0
301,318090564.0,55,5.0
302,2686194151.0,55,4.0
303,3974509757.0,55,2.0
304,256662360.0,55,1.0
305,1.006622748393771e+18,54,4.0
306,1.006622748393771e+18,54,4.0
307,1.0084485704987484e+18,54,0.0
308,7.861843437231473e+17,54,4.0
309,288830829.0,54,1.0
310,37131773.0,54,4.0
311,2247727219.0,54,4.0
312,2220268007.0,54,4.0
313,247505492.0,53,4.0
314,345138482.0,53,6.0
315,8.170857896664801e+17,53,4.0
316,259535006.0,53,1.0
317,309322279.0,52,1.0
318,421610696.0,52,3.0
319,8.867873098945536e+17,52,3.0
320,3366176915.0,52,3.0
321,7.552092040932925e+17,52,4.0
322,463442451.0,52,0.0
323,312745095.0,52,2.0
324,138986756.0,51,4.0
325,7.040919148454912e+17,51,3.0
326,7.040919148454912e+17,51,3.0
327,56901955.0,50,4.0
328,17156145.0,50,3.0
329,580057289.0,50,4.0
330,1013251105.0,50,4.0
331,829818120.0,49,4.0
332,3188903222.0,49,2.0
333,819008719.0,49,4.0
334,38746003.0,49,4.0
335,482564009.0,49,4.0
336,219175408.0,49,4.0
337,1.156617754625155e+18,49,4.0
338,219274808.0,49,4.0
339,32178071.0,49,5.0
340,46778013.0,48,4.0
341,241880362.0,48,5.0
342,298823623.0,48,4.0
343,1.3273907664198615e+18,48,4.0
344,112779906.0,47,3.0
345,51234184.0,47,4.0
346,245900943.0,47,4.0
347,1839082578.0,47,4.0
348,278098811.0,47,3.0
349,2781139889.0,47,3.0
350,1581831325.0,47,3.0
351,3025950999.0,47,4.0
352,247497799.0,46,0.0
353,348145221.0,46,4.0
354,1135798327.0,46,6.0
355,3306301502.0,46,2.0
356,2834622722.0,46,0.0
357,1077431534.0,46,5.0
358,21434013.0,46,4.0
359,2983194483.0,46,3.0
360,146182808.0,46,4.0
361,1.067889216066134e+18,46,4.0
362,223345733.0,46,5.0
363,72377364.0,45,5.0
364,236840752.0,45,4.0
365,1.1677867226813768e+18,45,2.0
366,760395198.0,45,6.0
367,32495749.0,45,4.0
368,3296535763.0,44,4.0
369,1563005659.0,44,5.0
370,1118090388.0,44,6.0
371,4387094901.0,43,4.0
372,1.332134201894826e+18,43,4.0
373,264924050.0,43,0.0
374,319729969.0,43,4.0
375,1.1928070288734044e+18,43,5.0
376,1.1928070288734044e+18,43,5.0
377,4863980955.0,43,5.0
378,368727709.0,43,4.0
379,116070456.0,43,6.0
380,2669642062.0,42,4.0
381,1611826333.0,42,4.0
382,26993947.0,42,4.0
383,3548194096.0,42,2.0
384,2347828819.0,42,1.0
385,58975906.0,42,5.0
386,1697220434.0,42,4.0
387,182962260.0,42,5.0
388,2873805031.0,42,0.0
389,1421284614.0,42,4.0
390,4495243283.0,42,2.0
391,153811615.0,42,4.0
392,3111280096.0,42,4.0
393,61390803.0,42,5.0
394,438640936.0,41,3.0
395,2218551978.0,41,6.0
396,163433599.0,41,4.0
397,562286594.0,41,6.0
398,9.542428186372136e+17,41,0.0
399,1.030479917270618e+18,41,3.0
400,1.2225627665836728e+18,41,4.0
401,1512215137.0,41,4.0
402,1395610212.0,41,4.0
403,1.025434983475888e+18,41,3.0
404,267113632.0,41,4.0
405,1.2359087520559022e+18,41,4.0
406,94141566.0,41,5.0
407,152027070.0,41,4.0
408,17064370.0,40,4.0
409,295822346.0,40,6.0
410,2357504976.0,40,4.0
411,3321031691.0,40,0.0
412,15479745.0,40,4.0
413,3188774753.0,40,4.0
414,2442803113.0,40,4.0
415,527726942.0,40,1.0
416,117954939.0,40,4.0
417,8.750518147643679e+17,40,4.0
418,8.750518147643679e+17,40,4.0
419,7.592718966135808e+17,39,3.0
420,136080568.0,39,4.0
421,112332715.0,39,5.0
422,317845721.0,39,4.0
423,133886193.0,39,4.0
424,1.360810584854397e+18,39,4.0
425,28179035.0,39,4.0
426,240402981.0,38,4.0
427,404579322.0,38,4.0
428,3656090837.0,38,4.0
429,4444833563.0,38,4.0
430,252332144.0,38,4.0
431,7.072194050134548e+17,38,
432,341019173.0,38,0.0
433,103066849.0,38,4.0
434,28626957.0,38,4.0
435,2224590945.0,38,6.0
436,2309779899.0,38,4.0
437,3093338464.0,38,4.0
438,1141053834.0,38,5.0
439,18924173.0,37,4.0
440,35833757.0,37,0.0
441,3513198556.0,37,4.0
442,2723735565.0,37,4.0
443,3291376067.0,37,4.0
444,360770812.0,37,4.0
445,8.852840610985206e+17,37,4.0
446,157855351.0,37,2.0
447,1.1806402027983708e+18,37,2.0
448,15216982.0,37,5.0
449,233886264.0,37,3.0
450,19839215.0,37,5.0
451,3017358819.0,37,4.0
452,2924748589.0,37,4.0
453,7.718483483829207e+17,37,4.0
454,9.715984972198624e+17,37,0.0
455,307085290.0,37,6.0
456,165405205.0,36,4.0
457,1537606614.0,36,4.0
458,776995940.0,36,3.0
459,842196122.0,36,4.0
460,2151384888.0,36,0.0
461,1604446183.0,36,4.0
462,71043392.0,36,4.0
463,387731069.0,36,4.0
464,2979942755.0,36,4.0
465,3179401864.0,36,4.0
466,49148732.0,36,4.0
467,1905030439.0,36,0.0
468,1239569876.0,36,0.0
469,9.333032860982231e+17,36,5.0
470,122804022.0,36,4.0
471,36960436.0,36,4.0
472,1160919332.0,36,0.0
473,2317359643.0,36,4.0
474,223214481.0,36,0.0
475,408165994.0,36,4.0
476,328679303.0,36,4.0
477,2685460472.0,36,4.0
478,408961256.0,35,4.0
479,170475828.0,35,4.0
480,601508614.0,35,4.0
481,461606122.0,35,3.0
482,1.202092777762361e+18,35,4.0
483,446460023.0,35,4.0
484,2242368201.0,35,4.0
485,1485378451.0,35,4.0
486,8.696979904322601e+17,35,0.0
487,2297059903.0,35,0.0
488,363486517.0,35,6.0
489,45719048.0,35,4.0
490,39346140.0,35,3.0
491,77857084.0,34,4.0
492,80060864.0,34,4.0
493,547783406.0,34,1.0
494,2806203847.0,34,3.0
495,260859495.0,34,0.0
496,55879483.0,34,4.0
497,8.150168133481882e+17,34,1.0
498,448153982.0,34,1.0
499,1137887659.0,34,4.0
500,8.262666868903199e+17,34,4.0
501,14781077.0,34,3.0
502,453553010.0,34,2.0
503,1639427150.0,34,4.0
504,249655676.0,34,4.0
505,171644692.0,34,0.0
506,2483141913.0,34,4.0
507,9.54739636630442e+17,34,0.0
508,195854721.0,33,3.0
509,171729736.0,33,4.0
510,122504433.0,33,4.0
511,2312389935.0,33,4.0
512,9.986193928114216e+17,33,3.0
513,1352288329.0,33,6.0
514,1.3671120254622228e+18,33,0.0
515,49596880.0,33,4.0
516,1519480027.0,33,4.0
517,1.021505716841001e+18,33,4.0
518,636759983.0,33,4.0
519,218468613.0,33,4.0
520,367547178.0,33,0.0
521,885445640.0,33,0.0
522,1115289313.0,33,6.0
523,131192798.0,33,0.0
524,621320566.0,33,4.0
525,276715917.0,33,4.0
526,8.25000918852653e+17,33,4.0
527,390576874.0,33,0.0
528,331537565.0,33,4.0
529,1.0318793105782784e+18,33,4.0
530,1.0318793105782784e+18,33,4.0
531,388334855.0,32,4.0
532,752420402.0,32,4.0
533,2848648035.0,32,3.0
534,188763138.0,32,4.0
535,1.0426471635561596e+18,32,0.0
536,4447235541.0,32,4.0
537,225521154.0,32,3.0
538,2890297088.0,32,4.0
539,9.840352100220804e+17,32,0.0
540,471159384.0,32,5.0
541,102110309.0,32,0.0
542,1.2766768470575555e+18,32,2.0
543,323008880.0,32,4.0
544,386620215.0,32,4.0
545,9.022129577944433e+17,32,0.0
546,51674513.0,32,3.0
547,268451929.0,31,3.0
548,445194817.0,31,6.0
549,1.041928778144809e+18,31,0.0
550,2792219988.0,31,3.0
551,8.529701303929856e+17,31,4.0
552,15674522.0,31,4.0
553,1.0804821904782664e+18,31,5.0
554,919785818.0,31,4.0
555,216069393.0,31,0.0
556,2731365869.0,31,5.0
557,19003238.0,31,4.0
558,1611397514.0,31,3.0
559,2315672329.0,31,4.0
560,134683749.0,31,3.0
561,1072626890.0,31,0.0
562,175161093.0,31,3.0
563,545300712.0,30,4.0
564,351617725.0,30,4.0
565,4346520317.0,30,4.0
566,1.2805039671606354e+18,30,
567,53937326.0,30,0.0
568,35555096.0,30,4.0
569,277202798.0,30,1.0
570,229943775.0,30,4.0
571,1267887006.0,30,3.0
572,623004797.0,30,4.0
573,1.2415323123760292e+18,30,4.0
574,803599620.0,30,4.0
575,54957057.0,30,4.0
576,344529154.0,30,4.0
577,4496398761.0,30,0.0
578,78150104.0,30,4.0
579,1.288927673885098e+18,29,2.0
580,8.776905401580585e+17,29,4.0
581,865378956.0,29,4.0
582,3121685470.0,29,0.0
583,1293411450.0,29,6.0
584,18548136.0,29,0.0
585,926574198.0,29,4.0
586,3255174885.0,29,0.0
587,263686547.0,29,4.0
588,17161985.0,29,4.0
589,2849311514.0,29,5.0
590,1068346387.0,29,4.0
591,1146048379.0,29,4.0
592,161501344.0,29,3.0
593,2751648655.0,29,0.0
594,863810917.0,29,4.0
595,3699946995.0,29,0.0
596,716363653.0,29,4.0
597,35281083.0,29,0.0
598,9.556794372694262e+17,29,0.0
599,2334432106.0,29,4.0
600,22068120.0,29,4.0
601,1.1406693895760527e+18,29,0.0
602,185236803.0,29,4.0
603,1.3654656108812984e+18,29,4.0
604,2488680366.0,29,0.0
605,246317067.0,28,0.0
606,7.344378941742162e+17,28,3.0
607,1.105820299176698e+18,28,4.0
608,472375861.0,28,4.0
609,739156892.0,28,4.0
610,260556275.0,28,4.0
611,68970013.0,28,4.0
612,1.023029162938966e+18,28,0.0
613,539601695.0,28,4.0
614,70970151.0,28,3.0
615,637242171.0,28,0.0
616,2952088708.0,28,0.0
617,164736191.0,28,4.0
618,75288645.0,28,4.0
619,1.0846311414733088e+18,28,0.0
620,1.0033476325914584e+18,28,4.0
621,306065813.0,28,4.0
622,311628317.0,28,3.0
623,321385210.0,28,4.0
624,1.0426503044313128e+18,28,0.0
625,171660313.0,28,1.0
626,216978480.0,28,0.0
627,147657826.0,28,0.0
628,713528731.0,28,4.0
629,311768523.0,28,3.0
630,422991457.0,28,3.0
631,2507937644.0,28,4.0
632,172300278.0,28,4.0
633,232781878.0,28,3.0
634,26548315.0,28,4.0
635,127441043.0,28,4.0
636,276994209.0,28,1.0
637,817715540.0,28,4.0
638,1.1682572487260488e+18,28,0.0
639,8.055311019094139e+17,28,4.0
640,1560501074.0,28,4.0
641,599350815.0,28,4.0
642,7.481307339280876e+17,28,4.0
643,1493984250.0,27,3.0
644,1.280710738672259e+18,27,0.0
645,131540109.0,27,0.0
646,137150400.0,27,4.0
647,948831775.0,27,0.0
648,225551939.0,27,3.0
649,67323850.0,27,6.0
650,446400704.0,27,3.0
651,1.043954601253376e+18,27,0.0
652,1340975408.0,27,2.0
653,1657981334.0,27,0.0
654,552135980.0,27,0.0
655,215453138.0,27,4.0
656,176975713.0,27,6.0
657,1.074458498572972e+18,27,0.0
658,528814170.0,27,4.0
659,8.977742610620416e+17,27,0.0
660,61633032.0,27,1.0
661,7.715152437469553e+17,27,4.0
662,3242424501.0,27,4.0
663,24631550.0,27,4.0
664,228473976.0,27,4.0
665,2445507715.0,27,4.0
666,40009531.0,27,4.0
667,542622023.0,26,0.0
668,602325592.0,26,0.0
669,22725599.0,26,0.0
670,1017504858.0,26,4.0
671,8.76883618685227e+17,26,0.0
672,7.309894841797591e+17,26,5.0
673,3232180043.0,26,4.0
674,3753346941.0,26,4.0
675,8.98159216925528e+17,26,0.0
676,277039615.0,26,4.0
677,7.159466491436155e+17,26,3.0
678,394742582.0,26,6.0
679,88001570.0,26,4.0
680,370921004.0,26,4.0
681,1.250874989055746e+18,26,4.0
682,1.2482824933898117e+18,26,4.0
683,8.4787159112815e+17,26,0.0
684,25868479.0,26,4.0
685,846189036.0,26,4.0
686,8.091068274514657e+17,26,0.0
687,9.476901307138417e+17,26,2.0
688,2911851718.0,26,2.0
689,1.00877015990818e+18,26,4.0
690,562591464.0,26,0.0
691,4875769632.0,26,4.0
692,25933883.0,26,4.0
693,18143449.0,26,4.0
694,7.873682463956214e+17,26,3.0
695,2922347218.0,26,3.0
696,45521732.0,26,0.0
697,621845770.0,26,4.0
698,1326898656.0,26,5.0
699,265035409.0,26,3.0
700,154894180.0,26,3.0
701,2258256020.0,25,0.0
702,224928031.0,25,4.0
703,84935354.0,25,4.0
704,100635772.0,25,4.0
705,62440423.0,25,1.0
706,17532226.0,25,4.0
707,2188109415.0,25,4.0
708,3059492633.0,25,4.0
709,50325386.0,25,4.0
710,53135509.0,25,4.0
711,125413539.0,25,3.0
712,9.55623212141998e+17,25,4.0
713,173205974.0,25,4.0
714,36351020.0,25,0.0
715,138456252.0,25,0.0
716,1414532412.0,25,4.0
717,9.53745325466022e+17,25,4.0
718,1.1098704763383604e+18,25,4.0
719,36278491.0,25,5.0
720,257249594.0,25,4.0
721,2355098217.0,25,4.0
722,1.068846972281471e+18,25,4.0
723,169202642.0,25,4.0
724,8.974816655383962e+17,25,3.0
725,1566209258.0,25,5.0
726,8.948200609628815e+17,25,0.0
727,1.168171894228566e+18,25,0.0
728,21886531.0,25,4.0
729,56588528.0,25,4.0
730,473504193.0,25,4.0
731,15088077.0,25,4.0
732,31332901.0,25,4.0
733,44923502.0,25,0.0
734,305330824.0,25,3.0
735,1904925859.0,25,4.0
736,2973973882.0,25,0.0
737,308305463.0,25,4.0
738,23723693.0,25,4.0
739,547151681.0,25,0.0
740,33914743.0,25,4.0
741,33341436.0,25,0.0
742,7.011335921188209e+17,24,4.0
743,74760564.0,24,0.0
744,8.399489224119542e+17,24,0.0
745,301162978.0,24,6.0
746,2278228675.0,24,6.0
747,15279130.0,24,4.0
748,382354543.0,24,4.0
749,102483145.0,24,4.0
750,494036265.0,24,0.0
751,3267224958.0,24,0.0
752,7.297233556125e+17,24,0.0
753,168748997.0,24,1.0
754,48334961.0,24,4.0
755,432580759.0,24,4.0
756,210684204.0,24,0.0
757,452307340.0,24,4.0
758,554658256.0,24,4.0
759,20007765.0,24,4.0
760,319081411.0,24,6.0
761,3973876761.0,24,3.0
762,70429766.0,24,6.0
763,8.679140986416906e+17,24,0.0
764,4831661296.0,24,4.0
765,8.47625577188139e+17,24,4.0
766,2901265724.0,24,4.0
767,298282794.0,24,0.0
768,7.969436620264653e+17,24,0.0
769,1.3661276932893737e+18,24,3.0
770,844641103.0,24,4.0
771,2434790886.0,24,4.0
772,355178044.0,24,4.0
773,9.777478604134072e+17,24,3.0
774,9.777478604134072e+17,24,3.0
775,77592409.0,24,0.0
776,1.0629740646445138e+18,24,4.0
777,8.334812889883689e+17,24,0.0
778,25246454.0,24,4.0
779,1304034391.0,24,6.0
780,412777906.0,24,6.0
781,67870178.0,24,3.0
782,73252419.0,24,4.0
783,19332700.0,24,3.0
784,360930946.0,24,6.0
785,8.993865133598106e+17,24,0.0
786,43818877.0,24,0.0
787,9.131024850359172e+17,24,0.0
788,975134832.0,23,4.0
789,444104874.0,23,3.0
790,290603196.0,23,0.0
791,2239078757.0,23,4.0
792,2456724048.0,23,4.0
793,1067172476.0,23,0.0
794,1581638286.0,23,4.0
795,1728971562.0,23,3.0
796,224101232.0,23,4.0
797,2149041027.0,23,1.0
798,441476111.0,23,4.0
799,257557625.0,23,4.0
800,2194965625.0,23,4.0
801,266855744.0,23,3.0
802,891504829.0,23,3.0
803,389597501.0,23,4.0
804,9.411212326317302e+17,23,0.0
805,1.1320240777267569e+18,23,0.0
806,948488652.0,23,6.0
807,39616820.0,23,4.0
808,4825885210.0,23,3.0
809,9.413414182908928e+17,23,6.0
810,8.058314051251159e+17,23,4.0
811,302029569.0,23,4.0
812,1.0038290756796292e+18,23,4.0
813,30264441.0,23,0.0
814,610340164.0,23,6.0
815,178466206.0,23,0.0
816,1146777138.0,23,6.0
817,436907713.0,23,4.0
818,1.003720722802512e+18,23,0.0
819,7.853421142091407e+17,23,4.0
820,409555239.0,23,6.0
821,1.24295156278537e+18,23,3.0
822,22507981.0,23,6.0
823,383128451.0,23,4.0
824,912814657.0,23,0.0
825,849220206.0,23,6.0
826,1463743201.0,23,5.0
827,8.417386082393375e+17,23,4.0
828,3225326487.0,23,4.0
829,249508907.0,23,3.0
830,1.0164169803819622e+18,23,3.0
831,3094860959.0,23,4.0
832,2471777834.0,23,0.0
833,7.196235680453181e+17,23,4.0
834,175176205.0,23,3.0
835,163461703.0,23,4.0
836,547125932.0,23,4.0
837,3814824923.0,23,4.0
838,1056906229.0,23,3.0
839,737975347.0,23,3.0
840,401505711.0,23,4.0
841,327409337.0,23,0.0
842,9.758742315055104e+17,23,0.0
843,298819381.0,23,0.0
844,1.0417708707531736e+18,23,0.0
845,2899640253.0,23,4.0
846,202383327.0,23,0.0
847,794198058.0,22,3.0
848,62242990.0,22,0.0
849,1.210355962986541e+18,22,2.0
850,409502018.0,22,6.0
851,117342623.0,22,5.0
852,14156206.0,22,5.0
853,1.1490649473615708e+18,22,4.0
854,1025032962.0,22,0.0
855,302220267.0,22,4.0
856,436306943.0,22,6.0
857,391169076.0,22,0.0
858,796247126.0,22,4.0
859,23283201.0,22,3.0
860,345859727.0,22,4.0
861,351995615.0,22,0.0
862,869017346.0,22,4.0
863,3688376295.0,22,4.0
864,83683389.0,22,4.0
865,240019591.0,22,3.0
866,7.592150779208049e+17,22,3.0
867,42215600.0,22,0.0
868,2231978371.0,22,6.0
869,1.16612776870434e+18,22,3.0
870,2558184121.0,22,1.0
871,1707125682.0,22,0.0
872,280817248.0,22,4.0
873,108973671.0,22,4.0
874,1.033388790293975e+18,22,
875,21057367.0,22,4.0
876,37687184.0,22,3.0
877,594169842.0,22,4.0
878,754282554.0,22,4.0
879,928100844.0,22,4.0
880,343118367.0,22,1.0
881,1090663230.0,22,0.0
882,1.1525827866682244e+18,22,0.0
883,50738556.0,22,4.0
884,758134236.0,22,3.0
885,918402548.0,22,6.0
886,199538452.0,22,4.0
887,475936690.0,22,3.0
888,11245542.0,22,4.0
889,37599351.0,22,3.0
890,431274341.0,22,3.0
891,809474647.0,22,0.0
892,529939095.0,22,4.0
893,7.605487519708856e+17,22,0.0
894,8.849660569929318e+17,22,0.0
895,288267288.0,22,0.0
896,465165397.0,22,3.0
897,3280649438.0,22,3.0
898,417553662.0,22,4.0
899,865254782.0,22,4.0
900,3283975956.0,22,3.0
901,243900314.0,22,4.0
902,975175855.0,21,1.0
903,61481144.0,21,0.0
904,2616312002.0,21,5.0
905,1.3210927321363374e+18,21,4.0
906,922092186.0,21,6.0
907,4389454653.0,21,4.0
908,1668850519.0,21,0.0
909,3335938923.0,21,3.0
910,714867571.0,21,3.0
911,22168475.0,21,4.0
912,390472610.0,21,0.0
913,1293927356.0,21,0.0
914,1852065181.0,21,0.0
915,86836649.0,21,3.0
916,2180777421.0,21,4.0
917,544777744.0,21,4.0
918,1.2128806592004014e+18,21,0.0
919,287434716.0,21,6.0
920,522815474.0,21,0.0
921,24897626.0,21,5.0
922,513853551.0,21,3.0
923,558082170.0,21,0.0
924,1460423100.0,21,0.0
925,188393951.0,21,4.0
926,626575901.0,21,4.0
927,2715773650.0,21,0.0
928,195734400.0,21,3.0
929,1862364170.0,21,4.0
930,1.1988043795764716e+18,21,4.0
931,255102079.0,21,4.0
932,1.2288659170288845e+18,21,4.0
933,257535290.0,21,4.0
934,524414506.0,21,0.0
935,1.030058300291928e+18,21,0.0
936,810987380.0,21,6.0
937,299085740.0,21,4.0
938,1.2475709939520512e+18,21,2.0
939,60305483.0,21,3.0
940,7.278319511183729e+17,21,4.0
941,455135386.0,21,6.0
942,23392440.0,21,4.0
943,25915690.0,21,4.0
944,40964438.0,21,4.0
945,90280361.0,21,4.0
946,351015479.0,21,4.0
947,110752638.0,21,3.0
948,1.0690251345629512e+18,21,4.0
949,1049629722.0,21,3.0
950,898397238.0,21,0.0
951,1.199753953904382e+18,21,4.0
952,1321604220.0,21,4.0
953,4710806879.0,21,4.0
954,706794864.0,21,4.0
955,8.913622083529605e+17,21,0.0
956,1699059193.0,21,4.0
957,1444574808.0,21,4.0
958,4828206790.0,21,3.0
959,460248793.0,21,3.0
960,241030932.0,21,4.0
961,1.1387655015538934e+18,21,4.0
962,186284228.0,21,4.0
963,365033884.0,21,4.0
964,1546197511.0,21,4.0
965,298842801.0,21,0.0
966,899922798.0,21,4.0
967,2303957995.0,21,0.0
968,139623716.0,21,3.0
969,703561088.0,21,0.0
970,2577276324.0,21,4.0
971,7.399178321049027e+17,21,3.0
972,264003077.0,21,2.0
973,61120216.0,21,0.0
974,737001290.0,21,4.0
975,464101296.0,21,0.0
976,355860423.0,21,6.0
977,754327532.0,21,5.0
978,246710410.0,20,2.0
979,325181590.0,20,4.0
980,512155831.0,20,4.0
981,987270276.0,20,0.0
982,2301641506.0,20,4.0
983,866387089.0,20,4.0
984,830276756.0,20,2.0
985,25060680.0,20,4.0
986,8.383855964311224e+17,20,1.0
987,9.270147308285338e+17,20,0.0
988,430860012.0,20,3.0
989,360859456.0,20,4.0
990,170403698.0,20,3.0
991,7.873497535542026e+17,20,0.0
992,1102727534.0,20,4.0
993,7.910923468342886e+17,20,4.0
994,3013200364.0,20,3.0
995,1.0050708130103008e+18,20,3.0
996,2409007623.0,20,0.0
997,878078750.0,20,4.0
998,26946342.0,20,4.0
999,346049442.0,20,0.0
1000,4222094320.0,20,0.0
1001,1658391625.0,20,3.0
1002,8.563342516666614e+17,20,4.0
1003,2357447930.0,20,4.0
1004,2397941006.0,20,4.0
1005,2506214695.0,20,4.0
1006,2451475912.0,20,0.0
1007,8.472075343269601e+17,20,0.0
1008,1537478390.0,20,2.0
1009,455487288.0,20,0.0
1010,156471258.0,20,4.0
1011,2394312823.0,20,4.0
1012,1704603800.0,20,4.0
1013,35893426.0,20,3.0
1014,1460269400.0,20,0.0
1015,4141658465.0,20,4.0
1016,1710248294.0,20,4.0
1017,345100692.0,20,0.0
1018,1.380624850855813e+18,20,2.0
1019,575591217.0,20,6.0
1020,635081556.0,20,0.0
1021,45405059.0,20,4.0
1022,2598532165.0,20,4.0
1023,874665139.0,20,3.0
1024,485266632.0,20,2.0
1025,2422314319.0,20,3.0
1026,1216755044.0,20,3.0
1027,2295543297.0,20,3.0
1028,9.777478604134072e+17,20,3.0
1029,9.777478604134072e+17,20,3.0
1030,26564378.0,20,4.0
1031,427865959.0,20,4.0
1032,16201632.0,20,3.0
1033,63961138.0,20,0.0
1034,197523654.0,20,4.0
1035,9.349898262223832e+17,20,0.0
1036,348518862.0,20,4.0
1037,4441528955.0,20,5.0
1038,2723625873.0,20,0.0
1039,2695617840.0,20,3.0
1040,1618648482.0,20,3.0
1041,423706084.0,20,4.0
1042,379092461.0,20,4.0
1043,380042783.0,20,3.0
1044,1.0885011997987636e+18,20,3.0
1045,1972412216.0,20,4.0
1046,480706497.0,20,3.0
1047,1517846492.0,20,0.0
1048,293117922.0,20,4.0
1049,90570778.0,19,3.0
1050,2183569762.0,19,4.0
1051,41165225.0,19,4.0
1052,1273176619.0,19,4.0
1053,537363006.0,19,3.0
1054,2230485643.0,19,4.0
1055,37233434.0,19,0.0
1056,26813251.0,19,4.0
1057,1.0098348319985376e+18,19,0.0
1058,820700168.0,19,3.0
1059,1610425974.0,19,3.0
1060,58017407.0,19,0.0
1061,247768885.0,19,3.0
1062,383477559.0,19,4.0
1063,411772772.0,19,3.0
1064,8.161077641456476e+17,19,4.0
1065,277850077.0,19,4.0
1066,3866290162.0,19,0.0
1067,1.0935360502181848e+18,19,4.0
1068,1033136413.0,19,0.0
1069,2195687950.0,19,4.0
1070,448195135.0,19,4.0
1071,9.062065111684424e+17,19,5.0
1072,3587689092.0,19,2.0
1073,8.170798323748127e+17,19,0.0
1074,205785954.0,19,2.0
1075,160336753.0,19,4.0
1076,2985126771.0,19,4.0
1077,9.144439747646218e+17,19,5.0
1078,789744528.0,19,4.0
1079,419851345.0,19,0.0
1080,2715528518.0,19,4.0
1081,2564672849.0,19,4.0
1082,2924531053.0,19,3.0
1083,297545087.0,19,3.0
1084,853200308.0,19,6.0
1085,1360571952.0,19,3.0
1086,415182592.0,19,6.0
1087,590581533.0,19,3.0
1088,165965977.0,19,4.0
1089,2752147781.0,19,3.0
1090,272552261.0,19,4.0
1091,363360598.0,19,4.0
1092,262836587.0,19,4.0
1093,8.813341810824438e+17,19,4.0
1094,391713203.0,19,1.0
1095,334434963.0,19,3.0
1096,221057705.0,19,4.0
1097,4831073007.0,19,0.0
1098,261198819.0,19,2.0
1099,238810183.0,19,3.0
1100,7.541858271360819e+17,19,4.0
1101,1693512919.0,19,4.0
1102,1.1748706149155963e+18,19,2.0
1103,63796828.0,19,5.0
1104,54367938.0,19,4.0
1105,585242319.0,19,3.0
1106,380999416.0,19,4.0
1107,1.018587936621781e+18,19,
1108,2477782845.0,19,3.0
1109,47740763.0,19,4.0
1110,2508560252.0,19,4.0
1111,313964541.0,19,4.0
1112,347674731.0,19,4.0
1113,37460358.0,19,0.0
1114,1566472604.0,19,4.0
1115,2749266438.0,19,4.0
1116,66771507.0,19,3.0
1117,2992593482.0,19,3.0
1118,952080978.0,19,4.0
1119,36125327.0,19,4.0
1120,3196082885.0,19,4.0
1121,345152255.0,19,3.0
1122,258890710.0,19,3.0
1123,581164051.0,19,0.0
1124,1.1341266601886106e+18,19,4.0
1125,846667052.0,19,4.0
1126,164896141.0,19,3.0
1127,8.428514455862477e+17,19,4.0
1128,454934051.0,19,1.0
1129,20209442.0,19,0.0
1130,515882810.0,19,4.0
1131,1.0808981421141196e+18,19,4.0
1132,27131907.0,18,0.0
1133,900546667.0,18,4.0
1134,9.403445950696408e+17,18,0.0
1135,800358534.0,18,6.0
1136,559104198.0,18,0.0
1137,2218254559.0,18,3.0
1138,8.908151646052762e+17,18,0.0
1139,8.908151646052762e+17,18,0.0
1140,504685007.0,18,3.0
1141,1933042237.0,18,5.0
1142,1714250347.0,18,4.0
1143,604799953.0,18,6.0
1144,521012185.0,18,6.0
1145,248062979.0,18,4.0
1146,73098294.0,18,4.0
1147,8.778891185372242e+17,18,0.0
1148,861865068.0,18,5.0
1149,111109264.0,18,0.0
1150,394995007.0,18,0.0
1151,462456268.0,18,6.0
1152,340051695.0,18,2.0
1153,8.095612171110932e+17,18,0.0
1154,2469922770.0,18,3.0
1155,14706648.0,18,4.0
1156,9.11678320416297e+17,18,4.0
1157,453560456.0,18,5.0
1158,9.208898124035808e+17,18,4.0
1159,8.60117544597848e+17,18,0.0
1160,792480266.0,18,3.0
1161,364038696.0,18,6.0
1162,987753050.0,18,6.0
1163,181217905.0,18,4.0
1164,8.294376654519214e+17,18,3.0
1165,8.279073881287639e+17,18,4.0
1166,2362845882.0,18,4.0
1167,164047553.0,18,3.0
1168,56781531.0,18,4.0
1169,18410279.0,18,0.0
1170,587795389.0,18,3.0
1171,2637016310.0,18,4.0
1172,109473014.0,18,4.0
1173,8.701093108854047e+17,18,0.0
1174,521170421.0,18,0.0
1175,9.657203113113396e+17,18,4.0
1176,1612689176.0,18,4.0
1177,2540547920.0,18,3.0
1178,3000848398.0,18,3.0
1179,395399205.0,18,4.0
1180,625660020.0,18,3.0
1181,221201538.0,18,3.0
1182,365523160.0,18,0.0
1183,365736160.0,18,5.0
1184,467120359.0,18,4.0
1185,9.7456219092446e+17,18,0.0
1186,113865233.0,18,4.0
1187,9.93490422587691e+17,18,0.0
1188,3063067245.0,18,3.0
1189,3025547895.0,18,4.0
1190,23237281.0,18,4.0
1191,478704341.0,18,4.0
1192,1346974446.0,18,3.0
1193,2326606584.0,18,4.0
1194,457954059.0,18,3.0
1195,33911631.0,18,4.0
1196,7.226067801660948e+17,18,4.0
1197,3054564365.0,18,6.0
1198,399078436.0,18,3.0
1199,9.07548129767166e+17,18,2.0
1200,377648276.0,18,1.0
1201,2908788129.0,18,4.0
1202,4927468972.0,18,4.0
1203,32921009.0,18,0.0
1204,102168028.0,18,0.0
1205,2174506503.0,18,0.0
1206,903001609.0,18,0.0
1207,2757776909.0,18,4.0
1208,8.46569109362004e+17,18,0.0
1209,81614524.0,18,0.0
1210,405681854.0,18,3.0
1211,129332978.0,18,4.0
1212,2950240031.0,18,3.0
1213,27572127.0,18,3.0
1214,366221321.0,18,4.0
1215,702076959.0,18,4.0
1216,7.471524035484099e+17,18,4.0
1217,237009080.0,18,6.0
1218,9.961966655592776e+17,18,0.0
1219,7.38461704623956e+17,18,3.0
1220,7.338111436098847e+17,18,4.0
1221,1.355590541145219e+18,18,4.0
1222,2330958254.0,18,3.0
1223,492452355.0,18,0.0
1224,714062456.0,18,3.0
1225,1.1216650159315558e+18,18,3.0
1226,297515691.0,18,6.0
1227,1.1565672590259896e+18,18,0.0
1228,4884626183.0,18,3.0
1229,8.284375175443251e+17,18,4.0
1230,1.0874531188356874e+18,18,3.0
1231,521026630.0,18,6.0
1232,620592244.0,18,4.0
1233,9.457112048735272e+17,18,4.0
1234,544824481.0,18,6.0
1235,26647798.0,18,4.0
1236,752041262.0,18,0.0
1237,1335008648.0,18,3.0
1238,476462607.0,18,4.0
1239,3039247966.0,18,5.0
1240,741785226.0,18,3.0
1241,1485782671.0,18,3.0
1242,1.2451173749294776e+18,18,0.0
1243,87563968.0,18,0.0
1244,2156789443.0,18,3.0
1245,1287274194.0,18,3.0
1246,1526169325.0,18,4.0
1247,1000685491.0,18,0.0
1248,418275277.0,18,4.0
1249,1244733392.0,18,4.0
1250,421576676.0,18,3.0
1251,9.543004714093036e+17,17,5.0
1252,1589084202.0,17,3.0
1253,1485029462.0,17,5.0
1254,475275487.0,17,6.0
1255,787521812.0,17,4.0
1256,9.656375801832202e+17,17,0.0
1257,407929177.0,17,4.0
1258,1033159032.0,17,0.0
1259,7.12673012743426e+17,17,3.0
1260,1480786452.0,17,6.0
1261,24257117.0,17,4.0
1262,4096508534.0,17,4.0
1263,1095664453.0,17,3.0
1264,1385857873.0,17,0.0
1265,2746647452.0,17,4.0
1266,405996502.0,17,4.0
1267,3033637904.0,17,5.0
1268,4107150372.0,17,3.0
1269,185771074.0,17,4.0
1270,745678040.0,17,4.0
1271,314336628.0,17,3.0
1272,9.490150545144544e+17,17,3.0
1273,1.2500829290212024e+18,17,0.0
1274,1.258818597612335e+18,17,3.0
1275,414844322.0,17,0.0
1276,62260794.0,17,3.0
1277,2969261447.0,17,3.0
1278,235153002.0,17,3.0
1279,297477962.0,17,6.0
1280,109160432.0,17,4.0
1281,244549933.0,17,3.0
1282,311806389.0,17,3.0
1283,2230651411.0,17,3.0
1284,593242764.0,17,0.0
1285,1340828340.0,17,5.0
1286,310143669.0,17,0.0
1287,1921034971.0,17,4.0
1288,3168226062.0,17,0.0
1289,1291496262.0,17,0.0
1290,281488238.0,17,0.0
1291,1.0371519415608566e+18,17,2.0
1292,3234130935.0,17,4.0
1293,2505452619.0,17,2.0
1294,494562411.0,17,4.0
1295,571452585.0,17,3.0
1296,29764833.0,17,4.0
1297,2752810228.0,17,4.0
1298,1561759046.0,17,4.0
1299,9.151689857584332e+17,17,4.0
1300,1120398859.0,17,4.0
1301,521858705.0,17,6.0
1302,35377156.0,17,0.0
1303,511110987.0,17,4.0
1304,1.0486720781430824e+18,17,0.0
1305,154341254.0,17,0.0
1306,218361812.0,17,0.0
1307,14831828.0,17,4.0
1308,8.410560499814605e+17,17,0.0
1309,3303977248.0,17,6.0
1310,83481054.0,17,0.0
1311,7.606071596254167e+17,17,5.0
1312,61485545.0,17,0.0
1313,7.04141452763222e+17,17,2.0
1314,611627774.0,17,4.0
1315,236557130.0,17,0.0
1316,2308617129.0,17,3.0
1317,7.953281156774953e+17,17,3.0
1318,519107702.0,17,0.0
1319,423924986.0,17,6.0
1320,148641037.0,17,0.0
1321,2278569354.0,17,4.0
1322,213153242.0,17,4.0
1323,487454186.0,17,3.0
1324,82392594.0,17,3.0
1325,8.553770753682842e+17,17,4.0
1326,1023211110.0,17,4.0
1327,29300373.0,17,3.0
1328,475338639.0,17,0.0
1329,3048355835.0,17,0.0
1330,37836873.0,17,4.0
1331,475404362.0,17,3.0
1332,2803636320.0,17,4.0
1333,4161861737.0,17,4.0
1334,113129593.0,17,4.0
1335,2485295290.0,17,3.0
1336,70531431.0,17,4.0
1337,381098458.0,17,0.0
1338,380410429.0,17,3.0
1339,8.335424558992794e+17,17,1.0
1340,1029388956.0,17,0.0
1341,339966728.0,17,0.0
1342,64846748.0,17,3.0
1343,22649795.0,17,5.0
1344,2882804679.0,17,4.0
1345,2352544723.0,17,4.0
1346,30268397.0,17,2.0
1347,1.251616153501401e+18,17,0.0
1348,9.72376102051066e+17,17,4.0
1349,481017035.0,17,4.0
1350,603012307.0,17,4.0
1351,216153428.0,17,4.0
1352,44989787.0,17,4.0
1353,160415100.0,17,3.0
1354,607460871.0,17,3.0
1355,275242553.0,17,3.0
1356,478731868.0,17,4.0
1357,9.871249007029658e+17,17,4.0
1358,1.0853748601283872e+18,17,4.0
1359,236183185.0,17,4.0
1360,55705299.0,17,0.0
1361,1.1675586882085765e+18,17,2.0
1362,1.0520131218696724e+18,17,0.0
1363,79323042.0,17,4.0
1364,1.1577077987818783e+18,16,4.0
1365,345981270.0,16,4.0
1366,282018175.0,16,3.0
1367,9.666527219138272e+17,16,0.0
1368,3031941805.0,16,0.0
1369,407446269.0,16,4.0
1370,7.457664163436544e+17,16,3.0
1371,3401548623.0,16,3.0
1372,33104727.0,16,4.0
1373,359195510.0,16,4.0
1374,22840182.0,16,4.0
1375,4628095888.0,16,4.0
1376,7.188129643384504e+17,16,0.0
1377,4794803127.0,16,3.0
1378,3177546741.0,16,3.0
1379,9.303453487149096e+17,16,0.0
1380,1.0341184552288132e+18,16,0.0
1381,287368251.0,16,6.0
1382,415241218.0,16,1.0
1383,529605927.0,16,4.0
1384,525813057.0,16,4.0
1385,313664880.0,16,6.0
1386,29623744.0,16,4.0
1387,364987904.0,16,1.0
1388,31540755.0,16,4.0
1389,2511587012.0,16,4.0
1390,171337448.0,16,5.0
1391,17196959.0,16,0.0
1392,2858919845.0,16,4.0
1393,9.112431886267392e+17,16,4.0
1394,50554879.0,16,0.0
1395,127125677.0,16,4.0
1396,327764177.0,16,3.0
1397,3207751919.0,16,0.0
1398,468445437.0,16,0.0
1399,1.0957784800028796e+18,16,0.0
1400,274778402.0,16,4.0
1401,318785899.0,16,5.0
1402,1.424555489464103e+18,16,5.0
1403,1.2326960710522552e+18,16,4.0
1404,3077384744.0,16,0.0
1405,4471343668.0,16,4.0
1406,1.2747243297507492e+18,16,4.0
1407,1022118674.0,16,4.0
1408,34696003.0,16,3.0
1409,895347534.0,16,3.0
1410,792841070.0,16,4.0
1411,2423729094.0,16,0.0
1412,1877265404.0,16,4.0
1413,54348800.0,16,0.0
1414,1408486436.0,16,4.0
1415,282340392.0,16,4.0
1416,1.217595739926401e+18,16,2.0
1417,531410205.0,16,0.0
1418,2753613095.0,16,6.0
1419,1551273295.0,16,0.0
1420,1088228732.0,16,3.0
1421,933170624.0,16,3.0
1422,160812598.0,16,0.0
1423,1.4168810447547802e+18,16,0.0
1424,1.3847285148265882e+18,16,0.0
1425,21360280.0,16,5.0
1426,2175241911.0,16,2.0
1427,2477674200.0,16,3.0
1428,1621643168.0,16,0.0
1429,3614846897.0,16,0.0
1430,21680062.0,16,4.0
1431,8.48728581333291e+17,16,0.0
1432,4437839896.0,16,4.0
1433,497283172.0,16,6.0
1434,395055218.0,16,4.0
1435,1.09772054196693e+18,16,3.0
1436,6.965194956495954e+17,16,3.0
1437,277033137.0,16,4.0
1438,923136254.0,16,3.0
1439,2905108806.0,16,3.0
1440,1928966532.0,16,0.0
1441,41038250.0,16,0.0
1442,22114745.0,16,0.0
1443,24687169.0,16,4.0
1444,471511626.0,16,4.0
1445,1375834710.0,16,4.0
1446,9.49094256299344e+17,16,4.0
1447,7.388702874882744e+17,16,0.0
1448,2264183571.0,16,4.0
1449,4430517016.0,16,0.0
1450,3001529199.0,16,3.0
1451,762147728.0,16,4.0
1452,2229540070.0,16,0.0
1453,348255618.0,16,0.0
1454,240948617.0,16,4.0
1455,7.233103454068285e+17,16,3.0
1456,1610839728.0,16,6.0
1457,3871758015.0,16,5.0
1458,3872084608.0,16,4.0
1459,2978461539.0,16,3.0
1460,573912950.0,16,4.0
1461,2529867712.0,16,0.0
1462,393607113.0,16,4.0
1463,233093132.0,16,1.0
1464,1053415531.0,16,6.0
1465,306862191.0,16,4.0
1466,1.0052317232050258e+18,16,0.0
1467,83507413.0,16,3.0
1468,374593811.0,16,0.0
1469,37034348.0,16,4.0
1470,482285980.0,16,4.0
1471,43465139.0,16,4.0
1472,1.238415849616261e+18,16,0.0
1473,1.0974099065404948e+18,16,0.0
1474,17005072.0,16,4.0
1475,56392235.0,16,4.0
1476,1.323026483376509e+18,16,2.0
1477,1.1748410641565164e+18,16,0.0
1478,1839078132.0,16,0.0
1479,119233310.0,16,3.0
1480,476068724.0,16,4.0
1481,2207439775.0,16,3.0
1482,304176074.0,16,3.0
1483,2546023396.0,16,4.0
1484,1.1076062513898127e+18,16,2.0
1485,7.873865395171164e+17,16,0.0
1486,1.0044317726863892e+18,16,3.0
1487,62372941.0,16,3.0
1488,249412699.0,16,3.0
1489,9.66086577402368e+17,16,0.0
1490,1.0547368498334638e+18,16,2.0
1491,514989244.0,16,3.0
1492,3239664880.0,16,5.0
1493,53820826.0,16,4.0
1494,2303835581.0,16,4.0
1495,2790260193.0,16,0.0
1496,32153090.0,16,0.0
1497,4778335768.0,16,3.0
1498,362839737.0,16,1.0
1499,1468530470.0,16,6.0
1500,1.0116081548394127e+18,16,4.0
1501,232316867.0,16,1.0
1502,8.06887067259179e+17,15,3.0
1503,4699152488.0,15,3.0
1504,54345833.0,15,5.0
1505,9.78798299741266e+17,15,2.0
1506,636584106.0,15,4.0
1507,37118175.0,15,3.0
1508,1653539263.0,15,0.0
1509,3115459072.0,15,2.0
1510,4388872726.0,15,4.0
1511,206307910.0,15,0.0
1512,3410870975.0,15,3.0
1513,7.340122146511503e+17,15,4.0
1514,636527359.0,15,3.0
1515,3329540878.0,15,3.0
1516,2579211022.0,15,2.0
1517,353706837.0,15,4.0
1518,297780210.0,15,4.0
1519,2842665981.0,15,4.0
1520,157099032.0,15,4.0
1521,290743388.0,15,3.0
1522,1.2954510332384748e+18,15,0.0
1523,1.0873966841355674e+18,15,3.0
1524,1.1139764516682834e+18,15,0.0
1525,1.0081027616894198e+18,15,3.0
1526,4369369213.0,15,4.0
1527,33539279.0,15,3.0
1528,7.441502401360445e+17,15,5.0
1529,172418413.0,15,4.0
1530,27272564.0,15,3.0
1531,1.2708707335357522e+18,15,3.0
1532,1.1587891551004713e+18,15,3.0
1533,622339504.0,15,6.0
1534,776857075.0,15,4.0
1535,313665131.0,15,4.0
1536,3344508569.0,15,2.0
1537,261539663.0,15,4.0
1538,458794953.0,15,4.0
1539,443729894.0,15,3.0
1540,9.743434339418564e+17,15,4.0
1541,542926865.0,15,3.0
1542,3124054140.0,15,4.0
1543,420538619.0,15,0.0
1544,364947912.0,15,4.0
1545,1.1297782441930628e+18,15,3.0
1546,8.580708906004193e+17,15,0.0
1547,434547418.0,15,4.0
1548,102763229.0,15,3.0
1549,1497451250.0,15,4.0
1550,30223211.0,15,4.0
1551,1016359801.0,15,0.0
1552,87403396.0,15,3.0
1553,1617980293.0,15,4.0
1554,541682723.0,15,0.0
1555,42634285.0,15,4.0
1556,37235773.0,15,4.0
1557,41684029.0,15,4.0
1558,491850816.0,15,4.0
1559,894258284.0,15,3.0
1560,8.906648919416218e+17,15,5.0
1561,1.2827329743672812e+18,15,
1562,441232527.0,15,4.0
1563,2398604520.0,15,0.0
1564,606702866.0,15,6.0
1565,631360796.0,15,4.0
1566,163097893.0,15,4.0
1567,8.72706035689173e+17,15,2.0
1568,221588882.0,15,1.0
1569,1022127547.0,15,4.0
1570,94195248.0,15,3.0
1571,954175027.0,15,4.0
1572,272740006.0,15,4.0
1573,1.198819081320833e+18,15,4.0
1574,2952212159.0,15,0.0
1575,42028749.0,15,0.0
1576,1727226876.0,15,4.0
1577,1.3443436291549716e+18,15,0.0
1578,1220571056.0,15,4.0
1579,832180172.0,15,4.0
1580,742002642.0,15,4.0
1581,960901076.0,15,3.0
1582,1.1645605855032484e+18,15,2.0
1583,1.1645605855032484e+18,15,2.0
1584,1.314717996234027e+18,15,
1585,55545874.0,15,3.0
1586,1877241926.0,15,6.0
1587,8.214388111546163e+17,15,4.0
1588,17502307.0,15,4.0
1589,7.620606709509693e+17,15,4.0
1590,760090765.0,15,6.0
1591,2686628156.0,15,3.0
1592,734114143.0,15,3.0
1593,3033837976.0,15,4.0
1594,48730530.0,15,2.0
1595,216707493.0,15,3.0
1596,7.936448467958497e+17,15,1.0
1597,1010495959.0,15,3.0
1598,32485870.0,15,4.0
1599,4824961521.0,15,0.0
1600,2409689604.0,15,0.0
1601,362074693.0,15,0.0
1602,236655244.0,15,3.0
1603,389001877.0,15,3.0
1604,566825705.0,15,2.0
1605,1.405606216043225e+18,15,0.0
1606,409375730.0,15,1.0
1607,1.1409866539783208e+18,15,2.0
1608,7.696279230577746e+17,15,4.0
1609,239129796.0,15,3.0
1610,1263080796.0,15,0.0
1611,280180211.0,15,0.0
1612,2313238060.0,15,3.0
1613,1.015416905090388e+18,15,2.0
1614,1623905869.0,15,4.0
1615,17905363.0,15,4.0
1616,2353714985.0,15,3.0
1617,3386545992.0,15,0.0
1618,405944146.0,15,4.0
1619,1402091496.0,15,4.0
1620,7.305017731154575e+17,15,4.0
1621,381097988.0,15,4.0
1622,3206879320.0,15,4.0
1623,7.397334464156836e+17,15,3.0
1624,7.397334464156836e+17,15,3.0
1625,48232677.0,15,6.0
1626,3018643707.0,15,3.0
1627,255686925.0,15,4.0
1628,577329431.0,15,4.0
1629,155343149.0,15,5.0
1630,8.569142774831309e+17,15,0.0
1631,3361110495.0,15,0.0
1632,2744605156.0,15,3.0
1633,8.123609794765988e+17,15,2.0
1634,387766784.0,15,4.0
1635,2304555571.0,15,4.0
1636,1173584454.0,15,3.0
1637,8.889268730608558e+17,15,0.0
1638,3075668682.0,15,0.0
1639,129276705.0,15,0.0
1640,2722159405.0,15,4.0
1641,1594940208.0,15,0.0
1642,2724723635.0,15,0.0
1643,2222808009.0,15,4.0
1644,314113007.0,15,0.0
1645,1.268717278352343e+18,15,3.0
1646,2393381929.0,15,0.0
1647,9.214475086136975e+17,15,3.0
1648,182230117.0,15,0.0
1649,197115009.0,15,4.0
1650,44498068.0,15,3.0
1651,4148542639.0,15,3.0
1652,150813934.0,15,0.0
1653,248479036.0,15,0.0
1654,2230517322.0,15,5.0
1655,1134583386.0,15,2.0
1656,1.0119150635848704e+18,15,4.0
1657,357258241.0,15,6.0
1658,24002234.0,15,4.0
1659,17858340.0,15,4.0
1660,9.041663766334956e+17,15,4.0
1661,7.947483621888778e+17,15,0.0
1662,44965825.0,15,2.0
1663,2523783230.0,14,0.0
1664,7.268598318151148e+17,14,3.0
1665,1.0558152484002612e+18,14,3.0
1666,260939926.0,14,4.0
1667,835477670.0,14,4.0
1668,2714681548.0,14,0.0
1669,9.97600709402157e+17,14,2.0
1670,555925760.0,14,3.0
1671,1.1700008558541332e+18,14,4.0
1672,1.0766696798952284e+18,14,0.0
1673,9.60192019518972e+17,14,3.0
1674,1.1357493541727028e+18,14,2.0
1675,19030439.0,14,4.0
1676,497861056.0,14,4.0
1677,2980905452.0,14,4.0
1678,610320881.0,14,4.0
1679,25010693.0,14,3.0
1680,1908638276.0,14,4.0
1681,565805675.0,14,1.0
1682,1.41201654067379e+18,14,3.0
1683,8.351903402231276e+17,14,4.0
1684,551953064.0,14,3.0
1685,358253419.0,14,4.0
1686,241943448.0,14,0.0
1687,3999755902.0,14,3.0
1688,27428049.0,14,0.0
1689,94700779.0,14,0.0
1690,392185068.0,14,3.0
1691,7.334235690450698e+17,14,4.0
1692,49423628.0,14,3.0
1693,4077593956.0,14,4.0
1694,166331798.0,14,1.0
1695,379930045.0,14,1.0
1696,508847585.0,14,4.0
1697,4768097782.0,14,4.0
1698,343000670.0,14,1.0
1699,153880177.0,14,4.0
1700,2438956855.0,14,3.0
1701,164898815.0,14,3.0
1702,7.217630239379292e+17,14,0.0
1703,1927514126.0,14,3.0
1704,158951476.0,14,0.0
1705,60418133.0,14,4.0
1706,2986813551.0,14,3.0
1707,7.040919148454912e+17,14,3.0
1708,7.040919148454912e+17,14,3.0
1709,291088530.0,14,0.0
1710,1.1791465203456328e+18,14,5.0
1711,9.945712395523768e+17,14,0.0
1712,9.06305524303622e+17,14,0.0
1713,971311363.0,14,0.0
1714,1.0388212640376956e+18,14,4.0
1715,439290171.0,14,4.0
1716,8.061172735766241e+17,14,4.0
1717,379775369.0,14,1.0
1718,3904334248.0,14,4.0
1719,403179950.0,14,5.0
1720,1476241958.0,14,3.0
1721,568560201.0,14,4.0
1722,1.3200398131023913e+18,14,3.0
1723,629975718.0,14,3.0
1724,1.0385456569133096e+18,14,3.0
1725,3376392995.0,14,3.0
1726,36883253.0,14,4.0
1727,346925955.0,14,3.0
1728,192744333.0,14,4.0
1729,2737490836.0,14,4.0
1730,257600468.0,14,5.0
1731,359484388.0,14,2.0
1732,2308918361.0,14,0.0
1733,442469470.0,14,6.0
1734,4092808295.0,14,4.0
1735,218336362.0,14,3.0
1736,844631148.0,14,0.0
1737,1.1645605855032484e+18,14,2.0
1738,1.1645605855032484e+18,14,2.0
1739,30780559.0,14,3.0
1740,404327663.0,14,3.0
1741,3321179501.0,14,5.0
1742,1.2462439650552504e+18,14,5.0
1743,1.205136361877123e+18,14,3.0
1744,28487049.0,14,0.0
1745,823520744.0,14,6.0
1746,2949746158.0,14,4.0
1747,9.917026137071576e+17,14,4.0
1748,260853339.0,14,0.0
1749,1.0143398755402916e+18,14,0.0
1750,1.0310829671610982e+18,14,3.0
1751,1081224907.0,14,3.0
1752,1975127827.0,14,4.0
1753,2356858651.0,14,4.0
1754,2324377393.0,14,4.0
1755,1135038319.0,14,4.0
1756,1.0088377846464224e+18,14,0.0
1757,7.026367575448003e+17,14,3.0
1758,8.164894613076091e+17,14,3.0
1759,143978587.0,14,4.0
1760,3066925191.0,14,3.0
1761,249999508.0,14,2.0
1762,2806681790.0,14,4.0
1763,3078942992.0,14,5.0
1764,249442578.0,14,4.0
1765,2180485405.0,14,2.0
1766,3317256518.0,14,2.0
1767,3304911185.0,14,0.0
1768,1.1063636714024182e+18,14,4.0
1769,1921749428.0,14,4.0
1770,8.053110762125558e+17,14,3.0
1771,336646662.0,14,3.0
1772,9.391212849648968e+17,14,3.0
1773,9.330211201811744e+17,14,0.0
1774,393736854.0,14,3.0
1775,24367798.0,14,4.0
1776,1491587790.0,14,0.0
1777,297169625.0,14,0.0
1778,1.4221923488978944e+18,14,4.0
1779,346059559.0,14,4.0
1780,1.2157431555822428e+18,14,2.0
1781,388174749.0,14,5.0
1782,7.094185422366147e+17,14,2.0
1783,2312352804.0,14,4.0
1784,362878121.0,14,4.0
1785,28169436.0,14,5.0
1786,1.3058764614637076e+18,14,3.0
1787,4870788436.0,14,4.0
1788,25843061.0,14,3.0
1789,7.573203012522271e+17,14,2.0
1790,381007294.0,14,0.0
1791,1.1131324207133778e+18,14,2.0
1792,1864300110.0,14,4.0
1793,1067243287.0,14,3.0
1794,29742925.0,14,2.0
1795,193329000.0,14,0.0
1796,328808354.0,14,1.0
1797,7.330060571995668e+17,14,3.0
1798,1.3442752120204165e+18,14,5.0
1799,8.229632459338547e+17,14,3.0
1800,1.1380416810250854e+18,14,2.0
1801,1119737966.0,14,0.0
1802,156760245.0,14,4.0
1803,3323156720.0,14,0.0
1804,347044142.0,14,3.0
1805,3151550772.0,14,2.0
1806,62364022.0,14,0.0
1807,30316960.0,14,4.0
1808,1.0211662725145354e+18,14,2.0
1809,3389520299.0,14,4.0
1810,27531696.0,14,6.0
1811,4197439947.0,14,4.0
1812,433813993.0,14,6.0
1813,8.171712972728197e+17,14,4.0
1814,1410333295.0,14,3.0
1815,367278747.0,14,0.0
1816,1.2792114728166605e+18,14,0.0
1817,8.594165057584742e+17,14,3.0
1818,119266096.0,14,0.0
1819,2238659385.0,14,4.0
1820,560610110.0,14,3.0
1821,7.145432050779382e+17,14,4.0
1822,333355873.0,14,3.0
1823,354712574.0,14,4.0
1824,7.746073006990623e+17,14,2.0
1825,1.0414183669327094e+18,14,2.0
1826,41008182.0,14,0.0
1827,3067305018.0,14,4.0
1828,488660063.0,14,4.0
1829,263945416.0,14,4.0
1830,211958985.0,14,4.0
1831,2540215507.0,14,4.0
1832,2430811358.0,14,5.0
1833,1.2025927283931464e+18,14,4.0
1834,8.563360294308168e+17,14,0.0
1835,541211926.0,14,4.0
1836,160685341.0,14,3.0
1837,268066190.0,14,4.0
1838,146939369.0,14,4.0
1839,425508330.0,14,3.0
1840,474127946.0,14,4.0
1841,3315539551.0,14,0.0
1842,3921624677.0,14,3.0
1843,191307457.0,14,5.0
1844,4685565060.0,14,0.0
1845,9.482243251733052e+17,14,5.0
1846,303988630.0,14,1.0
1847,3305783225.0,14,3.0
1848,1.1928070288734044e+18,13,5.0
1849,1.1928070288734044e+18,13,5.0
1850,225976368.0,13,4.0
1851,33480753.0,13,4.0
1852,7.961726125148119e+17,13,0.0
1853,7.742160843292713e+17,13,3.0
1854,2400100429.0,13,4.0
1855,167075931.0,13,0.0
1856,376127594.0,13,3.0
1857,8.089277789638533e+17,13,3.0
1858,8.166595790943068e+17,13,3.0
1859,970113217.0,13,4.0
1860,741736646.0,13,4.0
1861,317497545.0,13,4.0
1862,104358108.0,13,5.0
1863,50430232.0,13,4.0
1864,2738676011.0,13,5.0
1865,9.540869480455004e+17,13,0.0
1866,703021392.0,13,4.0
1867,752607582.0,13,3.0
1868,476381560.0,13,4.0
1869,49865110.0,13,0.0
1870,7.042807872654459e+17,13,4.0
1871,1.302999586265596e+18,13,0.0
1872,32924166.0,13,6.0
1873,811467396.0,13,4.0
1874,1.166378222415536e+18,13,3.0
1875,1.3452172869451366e+18,13,0.0
1876,359662418.0,13,6.0
1877,5514192.0,13,5.0
1878,357254102.0,13,3.0
1879,100115449.0,13,2.0
1880,357008393.0,13,1.0
1881,199509013.0,13,4.0
1882,3316794400.0,13,4.0
1883,636199982.0,13,3.0
1884,1.2314281043184845e+18,13,2.0
1885,1.203673638244946e+18,13,0.0
1886,1.190016755093115e+18,13,5.0
1887,1.217585366632403e+18,13,3.0
1888,72393866.0,13,4.0
1889,1.0714119029479628e+18,13,2.0
1890,266896609.0,13,0.0
1891,30770437.0,13,4.0
1892,2254923129.0,13,4.0
1893,2988959104.0,13,3.0
1894,1219151240.0,13,4.0
1895,8.192674899264348e+17,13,4.0
1896,8.85894549259731e+17,13,0.0
1897,1276348010.0,13,4.0
1898,8.40784926156968e+17,13,3.0
1899,27469444.0,13,0.0
1900,31516346.0,13,6.0
1901,28042963.0,13,0.0
1902,263169764.0,13,4.0
1903,362620417.0,13,6.0
1904,4458850132.0,13,3.0
1905,2179024733.0,13,0.0
1906,66619247.0,13,4.0
1907,435267441.0,13,0.0
1908,590112685.0,13,1.0
1909,1.0982917036126536e+18,13,3.0
1910,222037981.0,13,0.0
1911,2680498194.0,13,0.0
1912,261335137.0,13,6.0
1913,917473405.0,13,0.0
1914,7.628124233090376e+17,13,2.0
1915,397854914.0,13,4.0
1916,1.233592281120301e+18,13,2.0
1917,452708624.0,13,1.0
1918,985598226.0,13,0.0
1919,2849196353.0,13,4.0
1920,9.10971458003882e+17,13,0.0
1921,128125297.0,13,3.0
1922,1.210400089002455e+18,13,3.0
1923,436128171.0,13,4.0
1924,936659424.0,13,6.0
1925,1.1567605466639032e+18,13,2.0
1926,3053849149.0,13,4.0
1927,1276537405.0,13,3.0
1928,1.2292941120772055e+18,13,2.0
1929,9.67378474565587e+17,13,3.0
1930,8.901853072908165e+17,13,3.0
1931,7.946849210088366e+17,13,0.0
1932,1.245189206399431e+18,13,0.0
1933,14781086.0,13,4.0
1934,3315526335.0,13,5.0
1935,19409608.0,13,3.0
1936,2864401144.0,13,0.0
1937,8.791258247288177e+17,13,2.0
1938,9.90257210348499e+17,13,3.0
1939,51260379.0,13,3.0
1940,20704242.0,13,3.0
1941,432565261.0,13,4.0
1942,3137596432.0,13,4.0
1943,1.0976958973061734e+18,13,2.0
1944,1.162858961739092e+18,13,0.0
1945,186870904.0,13,0.0
1946,25816228.0,13,0.0
1947,381250736.0,13,1.0
1948,7.282818421897421e+17,13,4.0
1949,620596535.0,13,0.0
1950,330059126.0,13,1.0
1951,45387129.0,13,4.0
1952,8.677362523171512e+17,13,2.0
1953,1250192816.0,13,3.0
1954,303836599.0,13,6.0
1955,9.611038113508598e+17,13,0.0
1956,1316720148.0,13,3.0
1957,618475063.0,13,1.0
1958,255209080.0,13,3.0
1959,1.0554395112604836e+18,13,0.0
1960,1.2534461390740398e+18,13,0.0
1961,42888846.0,13,5.0
1962,67604127.0,13,0.0
1963,1.090561489176535e+18,13,3.0
1964,2948345606.0,13,5.0
1965,1.142428760353968e+18,13,3.0
1966,1.0718410959050956e+18,13,2.0
1967,713093024.0,13,6.0
1968,339799979.0,13,0.0
1969,2341121977.0,13,4.0
1970,2702299088.0,13,4.0
1971,1.0389422314602948e+18,13,2.0
1972,95383562.0,13,0.0
1973,43192340.0,13,5.0
1974,3180564577.0,13,2.0
1975,345641091.0,13,0.0
1976,51466383.0,13,3.0
1977,3329839264.0,13,4.0
1978,8.057772847329526e+17,13,3.0
1979,7.88412848670122e+17,13,0.0
1980,8.982617268057989e+17,13,2.0
1981,54972726.0,13,2.0
1982,38662490.0,13,4.0
1983,2431324547.0,13,3.0
1984,393605516.0,13,3.0
1985,38097350.0,13,4.0
1986,1199526361.0,13,0.0
1987,719360510.0,13,6.0
1988,379425450.0,13,4.0
1989,565777085.0,13,0.0
1990,99373782.0,13,0.0
1991,103207643.0,13,4.0
1992,1.394396441121022e+18,13,2.0
1993,1.2281896699651973e+18,13,2.0
1994,312996748.0,13,3.0
1995,2986668957.0,13,4.0
1996,1007989718.0,13,0.0
1997,1.3690398602254418e+18,13,3.0
1998,7.403050230668657e+17,13,3.0
1999,1045869636.0,13,0.0
2000,1.1842063208383488e+18,13,4.0
2001,8.117324527084052e+17,13,4.0
2002,474059910.0,13,3.0
2003,625333389.0,13,2.0
2004,1561793696.0,13,6.0
2005,1.2193580609148436e+18,13,3.0
2006,1202631991.0,13,0.0
2007,736007496.0,13,3.0
2008,2705945949.0,13,4.0
2009,238277982.0,13,0.0
2010,938161525.0,13,4.0
2011,7.181601674482156e+17,13,0.0
2012,9.464282813388554e+17,13,0.0
2013,9.650420024705024e+17,13,2.0
2014,560706975.0,13,4.0
2015,2578019779.0,13,1.0
2016,8.560602329418834e+17,13,0.0
2017,302380612.0,13,4.0
2018,357185118.0,13,6.0
2019,1.213195066719654e+18,13,0.0
2020,61060954.0,13,3.0
2021,4341348257.0,13,3.0
2022,518043605.0,13,0.0
2023,421984230.0,13,3.0
2024,1576507447.0,13,4.0
2025,212711543.0,13,3.0
2026,1.089616487659258e+18,13,2.0
2027,1.3824481602289746e+18,13,2.0
2028,106592570.0,13,3.0
2029,2397534567.0,13,0.0
2030,1.0943549061720636e+18,13,3.0
2031,68327831.0,13,0.0
2032,3254925783.0,13,3.0
2033,1.0849021880219238e+18,13,2.0
2034,1.259714850659451e+18,13,2.0
2035,432863801.0,13,4.0
2036,9.413700179244687e+17,13,0.0
2037,8.549509284992983e+17,13,4.0
2038,2718071395.0,13,4.0
2039,1418992249.0,13,0.0
2040,122550905.0,13,0.0
2041,2772646587.0,13,4.0
2042,846428910.0,13,0.0
2043,2169731847.0,13,6.0
2044,288578377.0,13,4.0
2045,1485716304.0,13,4.0
2046,427137918.0,13,0.0
2047,987216830.0,13,3.0
2048,487537636.0,13,6.0
2049,259726332.0,13,4.0
2050,620141605.0,13,2.0
2051,9.20825458417111e+17,13,3.0
2052,42458243.0,13,0.0
2053,21535912.0,13,4.0
2054,4769979579.0,13,6.0
2055,2992585950.0,13,4.0
2056,8.61249667971113e+17,13,0.0
2057,2272763176.0,13,0.0
2058,2610462031.0,13,0.0
2059,7.011988767752069e+17,13,3.0
2060,804683226.0,13,0.0
2061,476192280.0,13,6.0
2062,3885530674.0,13,4.0
2063,8.740567914322207e+17,13,0.0
2064,146931358.0,13,0.0
2065,1225522873.0,13,0.0
2066,9.520020412238316e+17,13,3.0
2067,9.602651316441498e+17,13,0.0
2068,1.0977085005983826e+18,13,0.0
2069,2409758515.0,13,4.0
2070,8.087705194745979e+17,13,4.0
2071,3314802603.0,13,2.0
2072,33325005.0,13,4.0
2073,1.1457067576432312e+18,13,3.0
2074,7.330750597581292e+17,12,4.0
2075,7.714894955522294e+17,12,4.0
2076,1.3102558883562127e+18,12,3.0
2077,980860934.0,12,3.0
2078,4527521833.0,12,4.0
2079,439574576.0,12,4.0
2080,2434465868.0,12,0.0
2081,36249680.0,12,4.0
2082,2929451135.0,12,3.0
2083,2467102849.0,12,4.0
2084,257179857.0,12,1.0
2085,2180686043.0,12,3.0
2086,68255971.0,12,0.0
2087,366985473.0,12,3.0
2088,1.0744162875798897e+18,12,0.0
2089,2383446274.0,12,3.0
2090,7.216800540784148e+17,12,2.0
2091,3250749722.0,12,3.0
2092,3430211891.0,12,3.0
2093,39780700.0,12,5.0
2094,618578301.0,12,3.0
2095,117850515.0,12,3.0
2096,1.0922833407980012e+18,12,4.0
2097,1.0713575567134924e+18,12,3.0
2098,9.121272596406108e+17,12,0.0
2099,208904716.0,12,4.0
2100,56730137.0,12,2.0
2101,1639006754.0,12,2.0
2102,2213339700.0,12,3.0
2103,37667384.0,12,4.0
2104,435200569.0,12,6.0
2105,456335974.0,12,3.0
2106,8.230789100364186e+17,12,4.0
2107,1.4099519116886876e+18,12,2.0
2108,288359079.0,12,3.0
2109,424616621.0,12,4.0
2110,327156403.0,12,4.0
2111,468705990.0,12,3.0
2112,2748277475.0,12,0.0
2113,3312755454.0,12,0.0
2114,1104905016.0,12,6.0
2115,362144592.0,12,4.0
2116,2233697110.0,12,3.0
2117,9.179631974323896e+17,12,4.0
2118,2406040469.0,12,3.0
2119,322094050.0,12,4.0
2120,2393547770.0,12,3.0
2121,260326413.0,12,0.0
2122,62129166.0,12,3.0
2123,2354439183.0,12,0.0
2124,1.14281989732975e+18,12,5.0
2125,9569412.0,12,5.0
2126,287949986.0,12,4.0
2127,8.804947109257339e+17,12,3.0
2128,4530545841.0,12,3.0
2129,4710409453.0,12,3.0
2130,1425900792.0,12,3.0
2131,63669508.0,12,4.0
2132,346907961.0,12,3.0
2133,8.363489873429791e+17,12,3.0
2134,9.589011158478356e+17,12,0.0
2135,229385617.0,12,5.0
2136,615212459.0,12,0.0
2137,539420076.0,12,4.0
2138,263841248.0,12,0.0
2139,246425095.0,12,2.0
2140,1.103799916432769e+18,12,0.0
2141,1.216922291042304e+18,12,2.0
2142,235447811.0,12,3.0
2143,2965571116.0,12,4.0
2144,9.241086969590292e+17,12,4.0
2145,33441373.0,12,0.0
2146,54404729.0,12,0.0
2147,1.0017784787301048e+18,12,0.0
2148,2269816479.0,12,3.0
2149,1.211504836597805e+18,12,3.0
2150,2884323033.0,12,0.0
2151,3292047089.0,12,2.0
2152,245917425.0,12,4.0
2153,32884477.0,12,0.0
2154,1.2202013333340078e+18,12,2.0
2155,1.0062621340854232e+18,12,2.0
2156,95102736.0,12,1.0
2157,2389649172.0,12,0.0
2158,9.26962905270104e+17,12,2.0
2159,578774835.0,12,0.0
2160,2303788928.0,12,3.0
2161,28583817.0,12,2.0
2162,7.808461755071898e+17,12,4.0
2163,558688199.0,12,5.0
2164,243034096.0,12,3.0
2165,9.491211168235724e+17,12,0.0
2166,8.224679196280791e+17,12,3.0
2167,19785801.0,12,2.0
2168,3243190365.0,12,2.0
2169,152103016.0,12,2.0
2170,57821335.0,12,4.0
2171,2905925788.0,12,3.0
2172,191178911.0,12,4.0
2173,2216528052.0,12,3.0
2174,7.167363910282199e+17,12,2.0
2175,1.1338036455925884e+18,12,4.0
2176,19245337.0,12,4.0
2177,30771571.0,12,4.0
2178,1.3462032076142797e+18,12,2.0
2179,1.3341816872789074e+18,12,0.0
2180,745736605.0,12,2.0
2181,296561059.0,12,2.0
2182,122841575.0,12,4.0
2183,477972998.0,12,2.0
2184,316582456.0,12,3.0
2185,588507819.0,12,0.0
2186,2573322925.0,12,2.0
2187,203229891.0,12,4.0
2188,744024788.0,12,1.0
2189,2939865831.0,12,3.0
2190,1.0403147913221692e+18,12,2.0
2191,399723277.0,12,4.0
2192,419040048.0,12,4.0
2193,2722310986.0,12,4.0
2194,8.890581886576517e+17,12,3.0
2195,2448010143.0,12,4.0
2196,7.338588861181993e+17,12,4.0
2197,346377184.0,12,1.0
2198,292948987.0,12,6.0
2199,9.362117314871172e+17,12,4.0
2200,1.2457715885171384e+18,12,2.0
2201,251431985.0,12,4.0
2202,490900538.0,12,5.0
2203,1166806076.0,12,6.0
2204,3252808793.0,12,4.0
2205,145796205.0,12,0.0
2206,850521199.0,12,0.0
2207,1.2930338647897252e+18,12,3.0
2208,8.916426976263905e+17,12,2.0
2209,1.2768427424806052e+18,12,0.0
2210,9.211932767781888e+17,12,0.0
2211,1.2272465316292444e+18,12,4.0
2212,1370418511.0,12,4.0
2213,471584096.0,12,4.0
2214,98938235.0,12,0.0
2215,8.602933401846866e+17,12,4.0
2216,62369219.0,12,0.0
2217,402771404.0,12,3.0
2218,387444201.0,12,6.0
2219,301780478.0,12,3.0
2220,9.623706004790804e+17,12,0.0
2221,881323524.0,12,4.0
2222,3128299056.0,12,2.0
2223,1.0232464245894554e+18,12,0.0
2224,134786713.0,12,0.0
2225,168898207.0,12,4.0
2226,64630444.0,12,6.0
2227,1097199308.0,12,0.0
2228,2901307094.0,12,0.0
2229,1.2977025564839483e+18,12,2.0
2230,35573524.0,12,4.0
2231,523439897.0,12,4.0
2232,1707568922.0,12,0.0
2233,273149779.0,12,3.0
2234,1.0356055937242522e+18,12,2.0
2235,1.038932155651502e+18,12,0.0
2236,9.18846880200708e+17,12,2.0
2237,8.236074489886966e+17,12,4.0
2238,508940193.0,12,4.0
2239,450416605.0,12,4.0
2240,4860301311.0,12,3.0
2241,9.468877641879388e+17,12,5.0
2242,2792927251.0,12,4.0
2243,318779414.0,12,6.0
2244,798593048.0,12,3.0
2245,2886799429.0,12,5.0
2246,128356452.0,12,0.0
2247,4146745463.0,12,4.0
2248,9.54130546006864e+17,12,5.0
2249,89772197.0,12,3.0
2250,353988780.0,12,4.0
2251,453685442.0,12,3.0
2252,3380875545.0,12,4.0
2253,701534525.0,12,0.0
2254,1256010060.0,12,4.0
2255,3052892520.0,12,3.0
2256,2188538252.0,12,4.0
2257,29094329.0,12,0.0
2258,176296829.0,12,1.0
2259,485020216.0,12,4.0
2260,1.331366101754798e+18,12,2.0
2261,1.2729308775600292e+18,12,2.0
2262,212710105.0,12,5.0
2263,422064866.0,12,4.0
2264,846656238.0,12,4.0
2265,171799332.0,12,0.0
2266,28193581.0,12,4.0
2267,264483705.0,12,3.0
2268,1.0364133366054012e+18,12,4.0
2269,1701540764.0,12,0.0
2270,3302822818.0,12,6.0
2271,42111913.0,12,3.0
2272,1618523052.0,12,0.0
2273,2716332994.0,12,0.0
2274,349762499.0,12,0.0
2275,268473322.0,12,4.0
2276,128322945.0,12,4.0
2277,7.367884624650895e+17,12,3.0
2278,7.378593013651538e+17,12,4.0
2279,8.120990606896988e+17,12,3.0
2280,2564142084.0,12,4.0
2281,3187143699.0,12,3.0
2282,2605241391.0,12,3.0
2283,153105468.0,12,3.0
2284,594154559.0,12,4.0
2285,633115720.0,12,3.0
2286,9.820438042944184e+17,12,3.0
2287,7.755569313100964e+17,12,5.0
2288,3235067026.0,12,3.0
2289,72340652.0,12,4.0
2290,3321590968.0,12,0.0
2291,572011767.0,12,0.0
2292,1.0982895238244352e+18,12,3.0
2293,1.0842555143248036e+18,12,0.0
2294,389887281.0,12,2.0
2295,4777653615.0,12,4.0
2296,336106869.0,12,2.0
2297,3335460225.0,12,2.0
2298,402273678.0,12,3.0
2299,851359190.0,12,3.0
2300,1.2086572528754196e+18,12,4.0
2301,140121610.0,12,4.0
2302,408401437.0,12,4.0
2303,327759399.0,12,1.0
2304,9.257570638206607e+17,12,4.0
2305,1.2528196131522355e+18,12,0.0
2306,288863878.0,12,6.0
2307,8.40087806399533e+17,12,4.0
2308,66549416.0,12,5.0
2309,2184984313.0,12,0.0
2310,1.2338087239629455e+18,12,3.0
2311,1.230533675462353e+18,12,2.0
2312,43128584.0,12,0.0
2313,347232015.0,12,4.0
2314,442283862.0,12,3.0
2315,1.2301353535010857e+18,12,3.0
2316,9.716222496724623e+17,12,4.0
2317,613914527.0,12,4.0
2318,2657253387.0,12,6.0
2319,8.34209261362221e+17,12,3.0
2320,2493143097.0,12,3.0
2321,25770041.0,12,3.0
2322,433772622.0,12,3.0
2323,344750196.0,12,4.0
2324,915806328.0,12,3.0
2325,2253371519.0,12,3.0
2326,605583497.0,12,4.0
2327,294951074.0,12,4.0
2328,578640072.0,12,3.0
2329,240842968.0,12,3.0
2330,322689305.0,12,4.0
2331,169646394.0,12,4.0
2332,2191677757.0,12,4.0
2333,403388760.0,12,3.0
2334,381720941.0,12,4.0
2335,9.79530220414886e+17,12,4.0
2336,2259835274.0,12,5.0
2337,28481931.0,12,4.0
2338,1.3719840465453384e+18,12,2.0
2339,2293217726.0,12,4.0
2340,3329939933.0,12,2.0
2341,4896455141.0,12,2.0
2342,1.0840993404513976e+18,12,2.0
2343,1971542546.0,12,4.0
2344,1.306258404860719e+18,12,4.0
2345,592009762.0,12,4.0
2346,1.210625000450904e+18,12,3.0
2347,7.075448476374221e+17,12,4.0
2348,22444699.0,12,0.0
2349,625220275.0,12,4.0
2350,17881816.0,12,0.0
2351,222706401.0,12,6.0
2352,1.1634530576545464e+18,12,3.0
2353,744176466.0,12,3.0
2354,118283128.0,12,4.0
2355,3438443393.0,12,4.0
2356,9.511843835614496e+17,12,3.0
2357,407182288.0,12,4.0
2358,1110334424.0,12,3.0
2359,37116975.0,12,4.0
2360,305847364.0,12,3.0
2361,2727418971.0,12,3.0
2362,2926214357.0,12,3.0
2363,1.409244006379397e+18,12,2.0
2364,3210755387.0,12,3.0
2365,9.368096560596623e+17,12,2.0
2366,971292042.0,12,1.0
2367,291904909.0,12,4.0
2368,1858829738.0,12,4.0
2369,191077844.0,12,4.0
2370,446488027.0,12,4.0
2371,248757774.0,12,0.0
2372,2182479378.0,12,4.0
2373,62668377.0,12,3.0
2374,1005215382.0,12,4.0
2375,808648460.0,12,0.0
2376,1125990162.0,12,4.0
2377,415309655.0,12,4.0
2378,8.109971906677596e+17,12,2.0
2379,1.0628203401397288e+18,12,0.0
2380,1.043152109447856e+18,12,3.0
2381,2941157317.0,12,3.0
2382,397393888.0,12,3.0
2383,100999181.0,11,4.0
2384,2209202190.0,11,6.0
2385,7.218586458652058e+17,11,4.0
2386,479690826.0,11,0.0
2387,9.895855315404718e+17,11,2.0
2388,6.957384702585774e+17,11,3.0
2389,1077706891.0,11,2.0
2390,483532946.0,11,5.0
2391,308232427.0,11,0.0
2392,419504379.0,11,4.0
2393,351846654.0,11,3.0
2394,2352709890.0,11,2.0
2395,9.949317046610084e+17,11,4.0
2396,2165399822.0,11,6.0
2397,1952342322.0,11,0.0
2398,1.0714493020384708e+18,11,2.0
2399,1.323306758522155e+18,11,0.0
2400,3324756362.0,11,4.0
2401,1.0005855280294708e+18,11,4.0
2402,711377306.0,11,4.0
2403,43787907.0,11,4.0
2404,30024145.0,11,0.0
2405,361865681.0,11,0.0
2406,452379092.0,11,6.0
2407,1.1047696307474596e+18,11,3.0
2408,1.273369584591143e+18,11,2.0
2409,8.19329141434712e+17,11,3.0
2410,8.586249400310497e+17,11,0.0
2411,599613943.0,11,3.0
2412,47678024.0,11,4.0
2413,7.36007096118956e+17,11,3.0
2414,9.747759783701832e+17,11,4.0
2415,609092277.0,11,3.0
2416,9.561496043320484e+17,11,3.0
2417,44778180.0,11,4.0
2418,190546644.0,11,4.0
2419,1.2049976520241562e+18,11,3.0
2420,1.1680551117609165e+18,11,2.0
2421,1.3207300207347507e+18,11,2.0
2422,2902541157.0,11,4.0
2423,8.359594363426202e+17,11,0.0
2424,524968837.0,11,0.0
2425,6.972668781761946e+17,11,3.0
2426,39166862.0,11,1.0
2427,234587023.0,11,3.0
2428,842089442.0,11,4.0
2429,1.1223065834704608e+18,11,2.0
2430,8.193358188715336e+17,11,2.0
2431,31605844.0,11,4.0
2432,1.186038500858237e+18,11,3.0
2433,1.2317559166782382e+18,11,0.0
2434,1.1135116023161732e+18,11,0.0
2435,1.108367880700203e+18,11,3.0
2436,9.179354302339276e+17,11,2.0
2437,1.0033991771482152e+18,11,2.0
2438,22578341.0,11,4.0
2439,31311019.0,11,4.0
2440,261981356.0,11,4.0
2441,437929145.0,11,3.0
2442,523699446.0,11,5.0
2443,7.599360565567816e+17,11,5.0
2444,1154286858.0,11,4.0
2445,1.1098936224414351e+18,11,2.0
2446,32802119.0,11,4.0
2447,565667229.0,11,4.0
2448,972826051.0,11,0.0
2449,212796883.0,11,5.0
2450,134317527.0,11,4.0
2451,1601701362.0,11,3.0
2452,2921244157.0,11,0.0
2453,1.2843387127010918e+18,11,3.0
2454,1.1885043618249933e+18,11,0.0
2455,22988300.0,11,6.0
2456,527500850.0,11,4.0
2457,8.696372243290399e+17,11,2.0
2458,1.03022964717747e+18,11,4.0
2459,1247266382.0,11,3.0
2460,22201965.0,11,4.0
2461,7.114560280476262e+17,11,2.0
2462,8.411107375735644e+17,11,2.0
2463,592283302.0,11,4.0
2464,318514882.0,11,3.0
2465,165996230.0,11,4.0
2466,1117316809.0,11,4.0
2467,2707859168.0,11,5.0
2468,450004738.0,11,3.0
2469,971073282.0,11,6.0
2470,787719961.0,11,6.0
2471,1.179441728299905e+18,11,2.0
2472,51595118.0,11,3.0
2473,2291697553.0,11,2.0
2474,254724054.0,11,3.0
2475,1.2461157743491318e+18,11,3.0
2476,389834720.0,11,3.0
2477,184928236.0,11,5.0
2478,2895898625.0,11,4.0
2479,1.3694740175817318e+18,11,2.0
2480,409626669.0,11,4.0
2481,294823998.0,11,3.0
2482,3130263635.0,11,5.0
2483,2264262754.0,11,3.0
2484,73246837.0,11,0.0
2485,473139325.0,11,5.0
2486,627837054.0,11,4.0
2487,7.279604469852447e+17,11,2.0
2488,7.70637983309566e+17,11,
2489,2240530579.0,11,5.0
2490,63039671.0,11,4.0
2491,2453244096.0,11,0.0
2492,1.2255775553166295e+18,11,2.0
2493,9.197004463060337e+17,11,2.0
2494,45426904.0,11,4.0
2495,7.033514196471071e+17,11,0.0
2496,4314278175.0,11,0.0
2497,4850280743.0,11,3.0
2498,1.0460976782690673e+18,11,0.0
2499,412739905.0,11,3.0
2500,3958786407.0,11,4.0
2501,1.1998725331321938e+18,11,4.0
2502,1.4244999448708833e+18,11,3.0
2503,2761836933.0,11,3.0
2504,1.3850019457531372e+18,11,2.0
2505,2866170296.0,11,5.0
2506,1255590384.0,11,2.0
2507,2667039217.0,11,0.0
2508,1090488847.0,11,3.0
2509,612534847.0,11,4.0
2510,921438799.0,11,4.0
2511,1.3194276178089288e+18,11,2.0
2512,9.817474913213686e+17,11,3.0
2513,8.312364198217196e+17,11,3.0
2514,1.018332843347497e+18,11,0.0
2515,1901259397.0,11,3.0
2516,8.087552977455104e+17,11,0.0
2517,8.178795426688614e+17,11,3.0
2518,3000019601.0,11,6.0
2519,301132473.0,11,4.0
2520,4123896550.0,11,3.0
2521,8.696121990560727e+17,11,2.0
2522,8.554473315624141e+17,11,0.0
2523,8.32863248454185e+17,11,0.0
2524,1.2370511515746017e+18,11,2.0
2525,1927850821.0,11,4.0
2526,302279533.0,11,6.0
2527,9.556520003892306e+17,11,3.0
2528,1.224874816060248e+18,11,2.0
2529,243862448.0,11,3.0
2530,251939772.0,11,3.0
2531,315794567.0,11,1.0
2532,248048621.0,11,4.0
2533,2808900592.0,11,3.0
2534,1157483504.0,11,3.0
2535,557239286.0,11,6.0
2536,7.243883187005399e+17,11,4.0
2537,1167420439.0,11,3.0
2538,1.2457322429508854e+18,11,0.0
2539,8.903325290012058e+17,11,2.0
2540,2207435851.0,11,1.0
2541,3281243257.0,11,3.0
2542,9.631904771001262e+17,11,2.0
2543,1155189913.0,11,2.0
2544,241749173.0,11,0.0
2545,443935964.0,11,3.0
2546,1.3610288489897247e+18,11,3.0
2547,8.558185314637169e+17,11,0.0
2548,8.833789382103777e+17,11,0.0
2549,2372381924.0,11,4.0
2550,8.475863304774369e+17,11,3.0
2551,1.0001574320925124e+18,11,2.0
2552,213421329.0,11,3.0
2553,1.3371513875206103e+18,11,4.0
2554,39849252.0,11,0.0
2555,791686440.0,11,4.0
2556,309300568.0,11,0.0
2557,167480683.0,11,3.0
2558,33893743.0,11,4.0
2559,80989584.0,11,2.0
2560,3273043351.0,11,3.0
2561,248901020.0,11,2.0
2562,560541107.0,11,4.0
2563,1883688373.0,11,4.0
2564,2768948685.0,11,4.0
2565,2979163606.0,11,6.0
2566,4372835841.0,11,4.0
2567,1.040768661357818e+18,11,3.0
2568,1338319104.0,11,1.0
2569,117870090.0,11,3.0
2570,2998472227.0,11,0.0
2571,467881550.0,11,3.0
2572,23187031.0,11,4.0
2573,9.874185465726116e+17,11,2.0
2574,565587584.0,11,0.0
2575,1.316175617742852e+18,11,3.0
2576,1.1052126613887918e+18,11,3.0
2577,1.2167857200037765e+18,11,3.0
2578,996085394.0,11,5.0
2579,60771989.0,11,0.0
2580,975474326.0,11,0.0
2581,1153920662.0,11,4.0
2582,237809320.0,11,4.0
2583,8.416324729159434e+17,11,3.0
2584,40341175.0,11,0.0
2585,2719739603.0,11,3.0
2586,67202796.0,11,4.0
2587,9.2590363705813e+17,11,4.0
2588,313446171.0,11,3.0
2589,8.979914308824228e+17,11,2.0
2590,1041370956.0,11,4.0
2591,1071664981.0,11,3.0
2592,8.624287924380918e+17,11,0.0
2593,1.034567028546433e+18,11,0.0
2594,243265413.0,11,4.0
2595,1.176898269609415e+18,11,2.0
2596,3201757113.0,11,4.0
2597,28602301.0,11,2.0
2598,371257287.0,11,4.0
2599,2267860937.0,11,0.0
2600,605720584.0,11,3.0
2601,1.0782881673028198e+18,11,4.0
2602,188002332.0,11,0.0
2603,2222346322.0,11,4.0
2604,8.080775203692913e+17,11,4.0
2605,8.356617896144404e+17,11,4.0
2606,2724532337.0,11,0.0
2607,40988792.0,11,0.0
2608,1.0551307898961716e+18,11,3.0
2609,503034020.0,11,3.0
2610,2273587430.0,11,0.0
2611,2194952446.0,11,3.0
2612,1.2766768470575557e+18,11,2.0
2613,1.22761147889689e+18,11,2.0
2614,148566314.0,11,4.0
2615,8.468499243733279e+17,11,3.0
2616,1.2570609587002204e+18,11,2.0
2617,405975361.0,11,3.0
2618,2928996711.0,11,3.0
2619,7.208582874579722e+17,11,2.0
2620,703328651.0,11,4.0
2621,1.0297810111257518e+18,11,2.0
2622,1.218629106557948e+18,11,2.0
2623,328012239.0,11,4.0
2624,774943188.0,11,3.0
2625,1890906582.0,11,3.0
2626,1.291542130561876e+18,11,2.0
2627,7.979547266041938e+17,11,5.0
2628,8.179919134375444e+17,11,2.0
2629,8.247509622586245e+17,11,3.0
2630,9.559075598603388e+17,11,2.0
2631,2368156293.0,11,3.0
2632,109597416.0,11,3.0
2633,3198431998.0,11,2.0
2634,1.4051229060284006e+18,11,0.0
2635,430748428.0,11,6.0
2636,364409675.0,11,4.0
2637,8.00381897826136e+17,11,3.0
2638,2727636993.0,11,3.0
2639,203666380.0,11,3.0
2640,493663187.0,11,4.0
2641,156095474.0,11,5.0
2642,31544306.0,11,3.0
2643,3012531197.0,11,2.0
2644,1.3693271171299082e+18,11,3.0
2645,216364036.0,11,4.0
2646,460624925.0,11,3.0
2647,353891383.0,11,3.0
2648,1.2052538139611996e+18,11,4.0
2649,1.173011699202478e+18,11,3.0
2650,239563902.0,11,4.0
2651,9.23551937483694e+17,11,0.0
2652,1.0547315101950852e+18,11,2.0
2653,460502164.0,11,3.0
2654,7.191439043192873e+17,11,4.0
2655,283686070.0,11,4.0
2656,1722979519.0,11,6.0
2657,7.057375546881229e+17,11,3.0
2658,7.851996879303475e+17,11,3.0
2659,9.88572414668886e+17,11,2.0
2660,9.871671003923948e+17,11,2.0
2661,1.2970239146950656e+18,11,2.0
2662,1.0057953310349722e+18,11,2.0
2663,132601246.0,11,4.0
2664,1201829282.0,11,0.0
2665,42964404.0,11,0.0
2666,297399777.0,11,6.0
2667,17536486.0,11,5.0
2668,352663026.0,11,5.0
2669,1.105439118853587e+18,11,3.0
2670,1.1016385041849876e+18,11,4.0
2671,1424455170.0,11,4.0
2672,1620473359.0,11,0.0
2673,911013426.0,11,3.0
2674,526972467.0,11,3.0
2675,8.482260118126469e+17,11,0.0
2676,1.0387956559453102e+18,11,0.0
2677,323335798.0,11,4.0
2678,8.798315710453391e+17,11,4.0
2679,16651909.0,11,5.0
2680,2961249927.0,11,2.0
2681,158242454.0,11,4.0
2682,2743342756.0,11,0.0
2683,4842559143.0,11,3.0
2684,1.014105071599149e+18,11,2.0
2685,3344168681.0,11,3.0
2686,705926906.0,11,2.0
2687,1.3483880224469074e+18,11,3.0
2688,8.461755184666952e+17,11,3.0
2689,1.194955619473744e+18,11,2.0
2690,929699617.0,11,5.0
2691,1.1233296594275368e+18,11,2.0
2692,2900580145.0,11,4.0
2693,8.829953457514947e+17,11,4.0
2694,35477418.0,11,4.0
2695,513456061.0,11,6.0
2696,554112964.0,11,3.0
2697,2945908732.0,11,0.0
2698,1.3709667770736968e+18,11,3.0
2699,1.3738424209919836e+18,11,2.0
2700,1691777042.0,11,3.0
2701,82450488.0,11,4.0
2702,234264631.0,11,4.0
2703,3518158937.0,11,6.0
2704,1614076064.0,11,4.0
2705,15210670.0,11,5.0
2706,63011053.0,11,3.0
2707,61487365.0,11,0.0
2708,1259723046.0,11,0.0
2709,2370853170.0,11,0.0
2710,117799223.0,11,4.0
2711,600217912.0,11,4.0
2712,8.916785600538665e+17,11,3.0
2713,1.089955815891632e+18,11,2.0
2714,743856512.0,11,5.0
2715,404527521.0,11,3.0
2716,973101470.0,11,4.0
2717,123623887.0,11,3.0
2718,152369624.0,11,4.0
2719,402356725.0,11,4.0
2720,1.105644150219817e+18,11,0.0
2721,961165831.0,11,3.0
2722,1.1750331446989496e+18,11,3.0
2723,437959297.0,11,4.0
2724,7.55107771427672e+17,11,4.0
2725,8.891806891947786e+17,11,3.0
2726,161528499.0,11,3.0
2727,377723589.0,11,5.0
2728,2581043936.0,11,0.0
2729,34552576.0,11,3.0
2730,2490686216.0,11,1.0
2731,593582890.0,11,0.0
2732,8.333755988148838e+17,11,2.0
2733,1064369004.0,11,0.0
2734,602192750.0,11,6.0
2735,25370755.0,11,4.0
2736,171752354.0,11,3.0
2737,35347366.0,11,5.0
2738,27073501.0,11,3.0
2739,611032046.0,11,4.0
2740,29981685.0,11,4.0
2741,1.2407400988760187e+18,11,2.0
2742,1.3070097979218698e+18,11,0.0
2743,1.117498650752684e+18,11,4.0
2744,1.0422168809190112e+18,11,2.0
2745,3149438117.0,11,3.0
2746,42998961.0,11,5.0
2747,1.3023166241549435e+18,11,2.0
2748,1.048242111752151e+18,11,2.0
2749,157703456.0,11,4.0
2750,223345956.0,11,2.0
2751,1.1220517654095462e+18,11,0.0
2752,134561103.0,11,4.0
2753,462634324.0,11,0.0
2754,722566490.0,11,3.0
2755,718249307.0,11,4.0
2756,940277082.0,11,6.0
2757,28237210.0,11,0.0
2758,261955016.0,11,1.0
2759,2447547868.0,11,0.0
2760,2255764974.0,11,5.0
2761,384056821.0,11,0.0
2762,2885524983.0,11,4.0
2763,139910687.0,11,3.0
2764,8.811282264662139e+17,11,2.0
2765,354049625.0,11,3.0
2766,19725925.0,11,4.0
2767,31530601.0,11,0.0
2768,8.246374092247736e+17,11,4.0
2769,468745847.0,11,3.0
2770,1.282044465918759e+18,11,0.0
2771,1.3031945874109768e+18,11,2.0
2772,1.219678226634756e+18,11,2.0
2773,98295445.0,11,4.0
2774,398024347.0,11,4.0
2775,1.2625361777746657e+18,11,2.0
2776,342482663.0,11,4.0
2777,2993364724.0,11,3.0
2778,110960374.0,11,3.0
2779,19734264.0,11,5.0
2780,1059503869.0,11,4.0
2781,1.362201571833094e+18,11,3.0
2782,474111746.0,11,0.0
2783,1712602940.0,11,0.0
2784,3020808004.0,11,0.0
2785,9.14237996911784e+17,11,2.0
2786,243482492.0,11,3.0
2787,1.0954172213445672e+18,11,3.0
2788,214458250.0,11,4.0
2789,20750275.0,11,3.0
2790,2702057415.0,11,3.0
2791,1349574600.0,11,3.0
2792,1.1271934566721126e+18,11,2.0
2793,432086995.0,11,4.0
2794,7.060863392011469e+17,10,
2795,1053368334.0,10,2.0
2796,9.929349037161636e+17,10,2.0
2797,2985377849.0,10,2.0
2798,4422041661.0,10,3.0
2799,2511609923.0,10,5.0
2800,2716016708.0,10,3.0
2801,461389943.0,10,4.0
2802,9.333032860982232e+17,10,5.0
2803,1.4012211989948703e+18,10,2.0
2804,1.425452027170132e+18,10,3.0
2805,1456021669.0,10,4.0
2806,3556262056.0,10,4.0
2807,1.0171523881578004e+18,10,2.0
2808,807780570.0,10,0.0
2809,4774101230.0,10,3.0
2810,1.0437399789400146e+18,10,0.0
2811,272490773.0,10,4.0
2812,3022266665.0,10,0.0
2813,1.0540720410018898e+18,10,0.0
2814,374751546.0,10,4.0
2815,3811811653.0,10,4.0
2816,4656062800.0,10,4.0
2817,289415533.0,10,4.0
2818,1.344354087547056e+18,10,3.0
2819,1.3205180569012265e+18,10,2.0
2820,46104980.0,10,5.0
2821,29352349.0,10,3.0
2822,54985175.0,10,4.0
2823,1.036072580988502e+18,10,3.0
2824,337232367.0,10,0.0
2825,28787195.0,10,4.0
2826,8.526048525049037e+17,10,4.0
2827,2549195280.0,10,0.0
2828,736043593.0,10,3.0
2829,8.385277639297802e+17,10,3.0
2830,63316616.0,10,4.0
2831,2803638915.0,10,1.0
2832,32637590.0,10,3.0
2833,993198776.0,10,0.0
2834,2334114516.0,10,0.0
2835,2165719802.0,10,0.0
2836,3078349565.0,10,3.0
2837,3279397635.0,10,3.0
2838,173966091.0,10,0.0
2839,489005849.0,10,3.0
2840,4423205659.0,10,2.0
2841,43909920.0,10,3.0
2842,3051340576.0,10,4.0
2843,9.198657584689766e+17,10,3.0
2844,326951728.0,10,0.0
2845,1241834292.0,10,5.0
2846,2296275776.0,10,2.0
2847,1.0730758745918546e+18,10,2.0
2848,745366351.0,10,4.0
2849,3306013552.0,10,3.0
2850,2612077439.0,10,0.0
2851,8.251121534599455e+17,10,2.0
2852,367346590.0,10,0.0
2853,1.2043797162176512e+18,10,2.0
2854,176940011.0,10,4.0
2855,335373297.0,10,4.0
2856,7.425233063984824e+17,10,3.0
2857,9.077019575733984e+17,10,3.0
2858,1.0889828928632832e+18,10,2.0
2859,1.1701433317389476e+18,10,3.0
2860,2546541683.0,10,5.0
2861,1.224903450435162e+18,10,2.0
2862,619406485.0,10,6.0
2863,2588001440.0,10,2.0
2864,408192221.0,10,1.0
2865,1004799211.0,10,0.0
2866,449438986.0,10,0.0
2867,3343049999.0,10,3.0
2868,4253173013.0,10,0.0
2869,254625048.0,10,3.0
2870,254199103.0,10,6.0
2871,1281008966.0,10,2.0
2872,48489809.0,10,4.0
2873,926754156.0,10,6.0
2874,1.0174094922234388e+18,10,2.0
2875,1.0640915780614676e+18,10,2.0
2876,1.0264542792577638e+18,10,5.0
2877,9.385394543267676e+17,10,3.0
2878,58508737.0,10,3.0
2879,239601096.0,10,0.0
2880,8.77371894588031e+17,10,3.0
2881,1.2134373663223808e+18,10,2.0
2882,9.007680437600708e+17,10,4.0
2883,328777731.0,10,3.0
2884,9.721970259692626e+17,10,0.0
2885,1.1102499440012042e+18,10,2.0
2886,1527752258.0,10,4.0
2887,1135396472.0,10,4.0
2888,34268795.0,10,4.0
2889,8.566744833268654e+17,10,3.0
2890,1.0105506772931584e+18,10,3.0
2891,8.978427558288957e+17,10,3.0
2892,336422542.0,10,3.0
2893,26674847.0,10,5.0
2894,17712826.0,10,5.0
2895,291800769.0,10,6.0
2896,124290796.0,10,4.0
2897,1.165634621196968e+18,10,2.0
2898,1.0660612948711548e+18,10,4.0
2899,510699293.0,10,4.0
2900,16852775.0,10,0.0
2901,64989000.0,10,0.0
2902,2278098771.0,10,2.0
2903,2866112341.0,10,5.0
2904,275269515.0,10,0.0
2905,1.015471546872107e+18,10,0.0
2906,533809059.0,10,5.0
2907,1138444273.0,10,0.0
2908,9.594971257794272e+17,10,2.0
2909,1.0317555361722328e+18,10,0.0
2910,8.232722660205568e+17,10,0.0
2911,1.3460825703757537e+18,10,2.0
2912,44042283.0,10,0.0
2913,260532285.0,10,4.0
2914,1.300114784495571e+18,10,4.0
2915,343787596.0,10,1.0
2916,102164594.0,10,3.0
2917,7.370861128423219e+17,10,2.0
2918,7.756396800166502e+17,10,0.0
2919,1.3441301921896243e+18,10,2.0
2920,628631726.0,10,3.0
2921,912681140.0,10,4.0
2922,7.03262660037632e+17,10,2.0
2923,76966092.0,10,5.0
2924,568600789.0,10,6.0
2925,4236250749.0,10,3.0
2926,78137584.0,10,0.0
2927,3008489716.0,10,3.0
2928,842787078.0,10,3.0
2929,7.599051954342543e+17,10,2.0
2930,1.099411114826322e+18,10,2.0
2931,34089249.0,10,0.0
2932,55667011.0,10,3.0
2933,417605981.0,10,4.0
2934,419916136.0,10,3.0
2935,1.1613313465492234e+18,10,3.0
2936,1.3736553983104246e+18,10,0.0
2937,1.3573720261519729e+18,10,3.0
2938,1603873171.0,10,6.0
2939,628926878.0,10,5.0
2940,1.2962203526794772e+18,10,2.0
2941,29682101.0,10,3.0
2942,33581535.0,10,4.0
2943,26397165.0,10,4.0
2944,3257919986.0,10,3.0
2945,9.262580118359612e+17,10,3.0
2946,9.117875833441852e+17,10,2.0
2947,3997026854.0,10,0.0
2948,4698057258.0,10,2.0
2949,2802043432.0,10,4.0
2950,1489603148.0,10,0.0
2951,1847618150.0,10,4.0
2952,9.994094941856932e+17,10,2.0
2953,8.806515384269742e+17,10,2.0
2954,377440914.0,10,0.0
2955,1.0317308369855242e+18,10,4.0
2956,456133297.0,10,0.0
2957,183020219.0,10,0.0
2958,415663240.0,10,2.0
2959,3001526994.0,10,3.0
2960,1434183870.0,10,6.0
2961,8.536121369033032e+17,10,0.0
2962,9.059988977759928e+17,10,0.0
2963,432941857.0,10,3.0
2964,1.104164381737345e+18,10,2.0
2965,3969026866.0,10,4.0
2966,7.94020948156543e+17,10,4.0
2967,3064671053.0,10,0.0
2968,9.018610095346688e+17,10,4.0
2969,2930428763.0,10,3.0
2970,3210578813.0,10,2.0
2971,9.996229614422876e+17,10,2.0
2972,8.925376594360033e+17,10,5.0
2973,334343082.0,10,3.0
2974,859761589.0,10,3.0
2975,497339370.0,10,2.0
2976,798501866.0,10,1.0
2977,9.8891211102695e+17,10,2.0
2978,535825408.0,10,4.0
2979,358321187.0,10,4.0
2980,1.1189245077067244e+18,10,4.0
2981,511052863.0,10,3.0
2982,129879105.0,10,4.0
2983,26766434.0,10,3.0
2984,8.848499318649856e+17,10,4.0
2985,8.576668950378291e+17,10,4.0
2986,8.770124919639613e+17,10,0.0
2987,29207693.0,10,3.0
2988,429411465.0,10,3.0
2989,437578951.0,10,6.0
2990,1.2969988752370565e+18,10,2.0
2991,8.827207844012605e+17,10,2.0
2992,7.802671127618765e+17,10,4.0
2993,3050581226.0,10,4.0
2994,2763181319.0,10,5.0
2995,1.1458836969957172e+18,10,2.0
2996,140127499.0,10,0.0
2997,417516816.0,10,3.0
2998,1.350806279594324e+18,10,3.0
2999,9.742517735390372e+17,10,0.0
3000,1.1304808252026102e+18,10,2.0
3001,302435655.0,10,4.0
3002,1.1153801306233896e+18,10,2.0
3003,3234377090.0,10,5.0
3004,1.2678510173513114e+18,10,2.0
3005,1.250952290925785e+18,10,2.0
3006,1.2968063665401815e+18,10,0.0
3007,1435913623.0,10,4.0
3008,1.0632912058601636e+18,10,2.0
3009,150793671.0,10,5.0
3010,51097115.0,10,0.0
3011,520760862.0,10,3.0
3012,34704938.0,10,3.0
3013,331640405.0,10,4.0
3014,1.223601631893377e+18,10,2.0
3015,410857100.0,10,6.0
3016,1.2958696446502257e+18,10,2.0
3017,1.291333774156931e+18,10,3.0
3018,1.0537072585578004e+18,10,2.0
3019,1.3727047201046075e+18,10,2.0
3020,58674966.0,10,0.0
3021,18943770.0,10,3.0
3022,170405686.0,10,3.0
3023,4276694842.0,10,3.0
3024,1631981378.0,10,0.0
3025,1.1087081246665892e+18,10,2.0
3026,8.906892203350712e+17,10,0.0
3027,9.250942817313382e+17,10,0.0
3028,8.72840271607853e+17,10,0.0
3029,1.058418159106093e+18,10,2.0
3030,3525914495.0,10,5.0
3031,9.720600035647036e+17,10,3.0
3032,1.380680604858073e+18,10,4.0
3033,362737585.0,10,0.0
3034,623357923.0,10,4.0
3035,7.424911242254131e+17,10,2.0
3036,1.3680314798302863e+18,10,2.0
3037,1.0297757187361628e+18,10,4.0
3038,2895384648.0,10,4.0
3039,1.396817435911721e+18,10,2.0
3040,553529432.0,10,0.0
3041,16674920.0,10,2.0
3042,7.639413650256077e+17,10,3.0
3043,9.157442125739992e+17,10,3.0
3044,1.02030927762022e+18,10,5.0
3045,9.0797418896264e+17,10,3.0
3046,9.793762968987076e+17,10,0.0
3047,1.0394962119659028e+18,10,2.0
3048,39686335.0,10,4.0
3049,62255315.0,10,4.0
3050,2511146618.0,10,4.0
3051,96399586.0,10,5.0
3052,1.2066504211268037e+18,10,2.0
3053,7.112807670920069e+17,10,0.0
3054,1.2520621346720197e+18,10,2.0
3055,9.557326492550964e+17,10,2.0
3056,9.574332134205604e+17,10,0.0
3057,8.938737258499072e+17,10,0.0
3058,801435966.0,10,4.0
3059,8.631887903865446e+17,10,3.0
3060,3407368552.0,10,0.0
3061,434246016.0,10,4.0
3062,40300956.0,10,3.0
3063,130404765.0,10,0.0
3064,1.2740101031387177e+18,10,2.0
3065,438743521.0,10,3.0
3066,81211877.0,10,0.0
3067,1.362558987548377e+18,10,3.0
3068,8.24800216570282e+17,10,2.0
3069,475189774.0,10,3.0
3070,8.454985501591142e+17,10,1.0
3071,150647348.0,10,0.0
3072,1671524918.0,10,2.0
3073,445108818.0,10,4.0
3074,1467863642.0,10,4.0
3075,1.0904047900378152e+18,10,2.0
3076,158773888.0,10,0.0
3077,14619266.0,10,5.0
3078,28709505.0,10,0.0
3079,9.61578151267664e+17,10,0.0
3080,3027530399.0,10,1.0
3081,2287334071.0,10,3.0
3082,193524407.0,10,6.0
3083,38056641.0,10,6.0
3084,7.949507289934275e+17,10,2.0
3085,375796474.0,10,3.0
3086,36573951.0,10,4.0
3087,7.261185692395356e+17,10,3.0
3088,1511584556.0,10,0.0
3089,62083884.0,10,3.0
3090,1.15592348665045e+18,10,3.0
3091,9.936197697849262e+17,10,0.0
3092,226399076.0,10,3.0
3093,2773799791.0,10,2.0
3094,1552331641.0,10,6.0
3095,1.0333622087748648e+18,10,0.0
3096,1.1432282572920218e+18,10,2.0
3097,1.2114418112368763e+18,10,0.0
3098,1.2266549303430636e+18,10,0.0
3099,1.273444941247574e+18,10,2.0
3100,1.256352663555527e+18,10,2.0
3101,7.187939296347914e+17,10,2.0
3102,1414419391.0,10,0.0
3103,203281372.0,10,3.0
3104,69022703.0,10,3.0
3105,1.366107740100264e+18,10,0.0
3106,3356136477.0,10,3.0
3107,25318454.0,10,0.0
3108,270611511.0,10,4.0
3109,34436190.0,10,5.0
3110,1606194277.0,10,0.0
3111,65549419.0,10,5.0
3112,1.1537463809990697e+18,10,3.0
3113,1.243203428031107e+18,10,3.0
3114,7.622651981744415e+17,10,3.0
3115,286274686.0,10,3.0
3116,1.3462068913960018e+18,10,2.0
3117,1275622561.0,10,2.0
3118,121296070.0,10,4.0
3119,110202489.0,10,4.0
3120,2971604180.0,10,3.0
3121,25531604.0,10,0.0
3122,205001953.0,10,0.0
3123,8.015269773122806e+17,10,4.0
3124,1.0228770863970344e+18,10,2.0
3125,1.3092733220357816e+18,10,0.0
3126,1.3157991953291428e+18,10,3.0
3127,1.227364652427944e+18,10,2.0
3128,52712735.0,10,3.0
3129,558691637.0,10,3.0
3130,1.0044505191742752e+18,10,4.0
3131,1.0386041708514428e+18,10,4.0
3132,386856277.0,10,5.0
3133,231675249.0,10,1.0
3134,3400250745.0,10,2.0
3135,8.237211271260201e+17,10,2.0
3136,1.3040206613676032e+18,10,0.0
3137,521360793.0,10,3.0
3138,492246441.0,10,4.0
3139,413406638.0,10,4.0
3140,3138794997.0,10,3.0
3141,1.0348048204844728e+18,10,3.0
3142,7.221769592293786e+17,10,4.0
3143,1.122644349442044e+18,10,2.0
3144,61642267.0,10,3.0
3145,303420982.0,10,1.0
3146,42980921.0,10,0.0
3147,7.09059062890156e+17,10,1.0
3148,302175810.0,10,2.0
3149,1.0468699746634834e+18,10,0.0
3150,565073483.0,10,0.0
3151,115979885.0,10,4.0
3152,7.483534866942894e+17,10,2.0
3153,574879381.0,10,6.0
3154,258897562.0,10,3.0
3155,41694901.0,10,0.0
3156,4429420215.0,10,3.0
3157,443258565.0,10,3.0
3158,25458378.0,10,5.0
3159,28219103.0,10,3.0
3160,492500712.0,10,3.0
3161,8.638628965179474e+17,10,2.0
3162,751163130.0,10,0.0
3163,2676782845.0,10,4.0
3164,1.1834078579470418e+18,10,5.0
3165,9.025243072759644e+17,10,2.0
3166,4833056519.0,10,5.0
3167,2294707989.0,10,0.0
3168,1.164703932578435e+18,10,2.0
3169,3426129718.0,10,3.0
3170,86570840.0,10,3.0
3171,156055399.0,10,4.0
3172,36353897.0,10,0.0
3173,165091183.0,10,0.0
3174,1.1022803103755304e+18,10,2.0
3175,1.280661605924008e+18,10,2.0
3176,1.061985494278402e+18,10,2.0
3177,1.2758368643483525e+18,10,2.0
3178,1.2534135270851256e+18,10,2.0
3179,1899288463.0,10,3.0
3180,58316736.0,10,2.0
3181,17790917.0,10,4.0
3182,29759435.0,10,4.0
3183,2818250702.0,10,4.0
3184,2735011811.0,10,0.0
3185,1.4092413244196823e+18,10,0.0
3186,7.34439636194431e+17,10,6.0
3187,1293080652.0,10,0.0
3188,2814023779.0,10,4.0
3189,1191450763.0,10,0.0
3190,348788880.0,10,3.0
3191,519960745.0,10,4.0
3192,27580590.0,10,5.0
3193,475379895.0,10,4.0
3194,9.019249217685996e+17,10,3.0
3195,15808765.0,10,4.0
3196,67098882.0,10,3.0
3197,7.30755003133141e+17,10,4.0
3198,241268996.0,10,4.0
3199,78928158.0,10,3.0
3200,1854314820.0,10,4.0
3201,4827273557.0,10,4.0
3202,1.0084849997949748e+18,10,3.0
3203,239196550.0,10,0.0
3204,539548062.0,10,0.0
3205,547248557.0,10,0.0
3206,1954871731.0,10,6.0
3207,896219606.0,10,0.0
3208,2544663036.0,10,2.0
3209,1.089375423643992e+18,10,3.0
3210,33602074.0,10,0.0
3211,21494299.0,10,0.0
3212,1.0514931137667768e+18,10,2.0
3213,349714982.0,10,0.0
3214,21822002.0,10,3.0
3215,215489090.0,10,4.0
3216,1.103796275567317e+18,10,2.0
3217,8.809490855529882e+17,10,0.0
3218,8.932875571649126e+17,10,0.0
3219,581433970.0,10,3.0
3220,3261577861.0,10,2.0
3221,8.280738540608635e+17,10,2.0
3222,1.1239179413413356e+18,10,2.0
3223,70417132.0,10,3.0
3224,2617785070.0,10,2.0
3225,3158121202.0,10,2.0
3226,571964152.0,10,4.0
3227,1.257046058372391e+18,10,0.0
3228,1434352400.0,10,4.0
3229,8.877355447756718e+17,10,4.0
3230,2905914159.0,10,3.0
3231,585194302.0,10,1.0
3232,8.293164209787986e+17,10,0.0
3233,2653993796.0,10,4.0
3234,251870069.0,10,3.0
3235,2795109244.0,10,4.0
3236,506002315.0,10,3.0
3237,2430557096.0,10,0.0
3238,1439685560.0,10,4.0
3239,1.0011425939657564e+18,10,0.0
3240,253754313.0,10,3.0
3241,292551667.0,10,3.0
3242,64838652.0,10,3.0
3243,1.0388419831571087e+18,10,2.0
3244,1.2399571841565e+18,10,5.0
3245,2925747209.0,10,3.0
3246,1.2936966638533714e+18,10,0.0
3247,1.2321614304949412e+18,10,0.0
3248,9.161297032783176e+17,10,3.0
3249,1.2320996794180936e+18,10,2.0
3250,1250289918.0,10,1.0
3251,9.889752888718048e+17,10,0.0
3252,4329372799.0,10,2.0
3253,1.0630305915606056e+18,10,2.0
3254,8.786402120286577e+17,10,2.0
3255,3100305281.0,10,6.0
3256,148888778.0,10,2.0
3257,1.1918627644295987e+18,10,4.0
3258,1.333024565497389e+18,10,4.0
3259,1.2297565262918042e+18,10,2.0
3260,1.1313020972097454e+18,10,2.0
3261,3401425023.0,10,4.0
3262,1.2912017498109133e+18,10,3.0
3263,2759605507.0,10,6.0
3264,192093466.0,10,4.0
3265,3015867679.0,10,4.0
3266,4034198835.0,10,2.0
3267,3041729844.0,10,0.0
3268,31350068.0,10,4.0
3269,535534959.0,10,3.0
3270,445980019.0,10,4.0
3271,194354547.0,10,4.0
3272,715365774.0,10,4.0
3273,2334064064.0,10,3.0
3274,240524755.0,10,4.0
3275,2932596209.0,10,4.0
3276,331316750.0,10,0.0
3277,431267366.0,10,3.0
3278,8.588442957254943e+17,10,3.0
3279,398876207.0,10,4.0
3280,1697242687.0,10,4.0
3281,473005636.0,10,3.0
3282,2247155275.0,10,0.0
3283,1049362014.0,10,3.0
3284,159719022.0,10,4.0
3285,1.0917348574856356e+18,10,0.0
3286,1.301206038692221e+18,10,2.0
3287,2283789974.0,10,4.0
3288,1.2605947284893614e+18,10,0.0
3289,8.907535031944847e+17,10,2.0
3290,1.2990504459738808e+18,10,4.0
3291,2983403212.0,10,4.0
3292,1.072633341390803e+18,10,2.0
3293,349945556.0,10,3.0
3294,276733691.0,10,1.0
3295,1.4225465828184635e+18,10,3.0
3296,9.479043679188337e+17,10,3.0
3297,1.0208862993881416e+18,10,3.0
3298,1.220175531502723e+18,10,0.0
3299,7.708897394236703e+17,10,4.0
3300,1452359448.0,10,3.0
3301,571162423.0,10,4.0
3302,746217271.0,10,6.0
3303,2404949869.0,10,4.0
3304,1.10693133439864e+18,10,2.0
3305,1.1091991854615592e+18,10,3.0
3306,1.0270812622410792e+18,10,2.0
3307,291889090.0,10,4.0
3308,346275809.0,10,3.0
3309,235659248.0,10,3.0
